"epci2018","libepci","dep","libdep"
200069193,"CC de la Dombes","01","Ain"
240100883,"CC de la Plaine de l'Ain","01","Ain"
200042497,"CC Dombes Saône Vallée","01","Ain"
200040350,"CC Bugey Sud","01","Ain"
200070852,"CC Usses et Rhône","01","Ain"
200042935,"CA Haut - Bugey Agglomération","01","Ain"
240100578,"CC du Plateau d'hauteville","01","Ain"
200071371,"CC Bresse et Saône","01","Ain"
200071751,"CA du Bassin de Bourg-En-Bresse","01","Ain"
240100610,"CC de la Côtière À Montluel","01","Ain"
240100891,"CC du Pays Bellegardien (Ccpb)","01","Ain"
200070555,"CC de la Veyle","01","Ain"
240100800,"CC de Miribel et du Plateau","01","Ain"
200029999,"CC Rives de l'Ain - Pays du Cerdon","01","Ain"
240100750,"CC du Pays de Gex","01","Ain"
200070118,"CC Val de Saône Centre","01","Ain"
200040590,"CA Villefranche Beaujolais Saône","01","Ain"
200070308,"CA Mâconnais Beaujolais Agglomération","01","Ain"
200071785,"CA Chauny Tergnier la Fère","02","Aisne"
240200477,"CA du Soissonnais","02","Aisne"
240200469,"CC du Pays de la Serre","02","Aisne"
240200576,"CC de la Champagne Picarde","02","Aisne"
200071983,"CC Thiérache Sambre et Oise","02","Aisne"
240200592,"CC du Chemin des Dames","02","Aisne"
240200501,"CC du Val de l'Aisne","02","Aisne"
200040426,"CC du Val de l'Oise","02","Aisne"
200071991,"CC Retz en Valois","02","Aisne"
240200519,"CC du Canton d'Oulchy le Château","02","Aisne"
200071769,"CC Picardie des Châteaux","02","Aisne"
200071892,"CA du Saint-Quentinois","02","Aisne"
240200600,"CC des Trois Rivières","02","Aisne"
240200634,"CC des Portes de la Thiérache","02","Aisne"
200072031,"CA de la Région de Château-Thierry","02","Aisne"
200043495,"CA du Pays de Laon","02","Aisne"
240200493,"CC du Pays du Vermandois","02","Aisne"
240200444,"CC de la Thiérache du Centre","02","Aisne"
240200584,"CC du Canton de Charly Sur Marne","02","Aisne"
200067213,"CU du Grand Reims","51","Marne"
200070985,"CC de l'Est de la Somme","02","Aisne"
200071363,"CA Vichy Communauté","03","Allier"
200071496,"CC du Bocage Bourbonnais","03","Allier"
240300558,"CC du Pays de Tronçais","03","Allier"
240300491,"CC du Pays de Lapalisse","03","Allier"
240300657,"CC du Pays d'huriel","03","Allier"
200071082,"CA Montluçon Communauté","03","Allier"
200071140,"CA Moulins Communauté","03","Allier"
240300566,"CC du Val de Cher","03","Allier"
200071470,"CC Entr'allier Besbre et Loire","03","Allier"
200071389,"CC Saint-Pourçain Sioule Limagne","03","Allier"
200071512,"CC Commentry Montmarault Néris Communauté","03","Allier"
200071884,"CC le Grand Charolais","03","Allier"
200067437,"CA Provence-Alpes-Agglomération","04","Alpes-de-Haute-Provence"
200034700,"CA Durance-Lubéron-Verdon Agglomération","04","Alpes-de-Haute-Provence"
200068625,"CC Alpes-Provence-Verdon ""sources de Lumière""","04","Alpes-de-Haute-Provence"
200071025,"CC Haute-Provence-Pays de Banon","04","Alpes-de-Haute-Provence"
200071033,"CC Jabron-Lure-Vançon-Durance","04","Alpes-de-Haute-Provence"
200068765,"CC du Sisteronais-Buëch","04","Alpes-de-Haute-Provence"
200072304,"CC Vallée de l'Ubaye - Serre-Ponçon","04","Alpes-de-Haute-Provence"
200040624,"CC Pays d'Apt-Luberon","04","Alpes-de-Haute-Provence"
200067825,"CA Gap-Tallard-Durance","04","Alpes-de-Haute-Provence"
240400440,"CC Pays Forcalquier et Montagne de Lure","04","Alpes-de-Haute-Provence"
200067320,"CC Serre-Ponçon Val d'Avance","04","Alpes-de-Haute-Provence"
200067742,"CC Serre-Ponçon","04","Alpes-de-Haute-Provence"
200067452,"CC du Guillestrois et du Queyras","05","Hautes-Alpes"
200068096,"CC Champsaur-Valgaudemar","05","Hautes-Alpes"
200068765,"CC du Sisteronais-Buëch","05","Hautes-Alpes"
240500462,"CC du Pays des Ecrins","05","Hautes-Alpes"
200067445,"CC Buëch-Dévoluy","05","Hautes-Alpes"
200067320,"CC Serre-Ponçon Val d'Avance","05","Hautes-Alpes"
200067742,"CC Serre-Ponçon","05","Hautes-Alpes"
200067825,"CA Gap-Tallard-Durance","05","Hautes-Alpes"
240500439,"CC du Briançonnais","05","Hautes-Alpes"
200039931,"CC Alpes d'Azur","06","Alpes-Maritimes"
200039857,"CA du Pays de Grasse","06","Alpes-Maritimes"
240600585,"CA de Sophia Antipolis","06","Alpes-Maritimes"
200030195,"Métropole Nice Côte d'Azur","06","Alpes-Maritimes"
240600551,"CA de la Riviera Française","06","Alpes-Maritimes"
240600593,"CC du Pays des Paillons","06","Alpes-Maritimes"
200039915,"CA Cannes Pays de Lérins","06","Alpes-Maritimes"
200041465,"CC Val Eyrieux","07","Ardèche"
200073245,"CC du Bassin d'Aubenas","07","Ardèche"
200071413,"CA Privas Centre Ardèche","07","Ardèche"
200071405,"CC Ardèche Rhône Coiron","07","Ardèche"
200041366,"CC Rhône Crussol","07","Ardèche"
200040491,"CC Porte de Dromardèche","07","Ardèche"
200072015,"CA Annonay Rhône Agglo","07","Ardèche"
200073096,"CA Hermitage-Tournonais-Herbasse-Pays de Saint Félicien","07","Ardèche"
200039832,"CC Pays des Vans en Cévennes","07","Ardèche"
200072007,"CC de la Montagne d'Ardèche","07","Ardèche"
200039808,"CC des Gorges de l'Ardèche","07","Ardèche"
200039824,"CC Ardèche des Sources et Volcans","07","Ardèche"
240700302,"CC du Pays Beaume-Drobie","07","Ardèche"
240700815,"CC Berg et Coiron","07","Ardèche"
240700864,"CC du Rhône Aux Gorges de l'Ardèche","07","Ardèche"
240700617,"CC Val de Ligne","07","Ardèche"
200016905,"CC du Pays de Lamastre","07","Ardèche"
240700716,"CC du Val d'Ay","07","Ardèche"
200035129,"CC de Cèze Cévennes","07","Ardèche"
200043156,"CC du Pays Réthelois","08","Ardennes"
200041630,"CA Ardenne Métropole","08","Ardennes"
240800862,"CC des Crêtes Préardennaises","08","Ardennes"
240800920,"CC de l'Argonne Ardennaise","08","Ardennes"
240800847,"CC des Portes du Luxembourg","08","Ardennes"
240800821,"CC Ardenne, Rives de Meuse","08","Ardennes"
200041622,"CC Ardennes Thiérache","08","Ardennes"
200067759,"CC Vallées et Plateau d'Ardenne","08","Ardennes"
200067940,"CC Couserans-Pyrénées","09","Ariège"
200044469,"CC du Pays de Mirepoix","09","Ariège"
240900464,"CC du Pays d'Olmes","09","Ariège"
200066363,"CC de la Haute Ariège","09","Ariège"
240900431,"CC du Pays de Tarascon","09","Ariège"
200067791,"CA Pays Foix-Varilhes","09","Ariège"
200066223,"CC Arize Lèze","09","Ariège"
200066231,"CC des Portes d'Ariège Pyrénées","09","Ariège"
241000405,"CC de la Région de Bar Sur Aube","10","Aube"
241000447,"CC du Pays d'Othe","10","Aube"
200071777,"CC d'Arcis, Mailly, Ramerupt","10","Aube"
200066892,"CC de Vendeuvre-Soulaines","10","Aube"
200069003,"CC du Barséquanais en Champagne","10","Aube"
200040137,"CC des Lacs de Champagne","10","Aube"
200069250,"CA Troyes Champagne Métropole","10","Aube"
241000223,"CC Forêts, Lacs, Terres en Champagne","10","Aube"
200071041,"CC du Chaourçois et du Val d'Armance","10","Aube"
241000488,"CC de l'Orvin et de l'Ardusson","10","Aube"
200006716,"CC du Nogentais","10","Aube"
200070126,"CC Seine et Aube","10","Aube"
200000545,"CC des Portes de Romilly Sur Seine","10","Aube"
200035715,"CA Carcassonne Agglo","11","Aude"
200035855,"CC Castelnaudary Lauragais Audois","11","Aude"
200071926,"CC du Limouxin","11","Aude"
200035863,"CC Région Lézignanaise, Corbières et Minervois","11","Aude"
241100593,"CA le Grand Narbonne","11","Aude"
200043776,"CC Pyrénées Audoises","11","Aude"
200035707,"CC Piège Lauragais Malepère","11","Aude"
200042463,"CC de la Montagne Noire","11","Aude"
243100567,"CC Lauragais Revel Sorezois","11","Aude"
200070365,"CC Corbières Salanque Méditerranée","11","Aude"
241200658,"CC du Pays de Salars","12","Aveyron"
241200567,"CC de Millau Grands Causses","12","Aveyron"
241200674,"CC du Plateau de Montbazens","12","Aveyron"
200067064,"CC Decazeville Communauté","12","Aveyron"
200067171,"CC Aubrac, Carladez et Viadène","12","Aveyron"
241200765,"CC de Lévézou Pareloup","12","Aveyron"
200069383,"CC du Grand Villefranchois","12","Aveyron"
241200625,"CC du Pays Rignacois","12","Aveyron"
200067163,"CC Monts, Rance et Rougier","12","Aveyron"
200067361,"CC Grand-Figeac","12","Aveyron"
200068484,"CC des Causses À l'Aubrac","12","Aveyron"
241200542,"CC du Réquistanais","12","Aveyron"
241200914,"CC de la Muse et des Raspes du Tarn","12","Aveyron"
241200187,"CA Rodez Agglomération","12","Aveyron"
241200807,"CC Aveyron Bas Ségala Viaur","12","Aveyron"
241200906,"CC Larzac et Vallées","12","Aveyron"
200067478,"CC Comtal Lot et Truyère","12","Aveyron"
200068831,"CC Pays Ségali","12","Aveyron"
200067155,"CC Saint Affricain, Roquefort, Sept Vallons","12","Aveyron"
241200641,"CC Conques-Marcillac","12","Aveyron"
200054807,"Métropole d'Aix-Marseille-Provence","13","Bouches-du-Rhône"
241300417,"CA d'Arles-Crau-Camargue-Montagnette","13","Bouches-du-Rhône"
241300375,"CC Vallée des Baux-Alpilles (Cc Vba)","13","Bouches-du-Rhône"
200035087,"CA Terre de Provence","13","Bouches-du-Rhône"
200066827,"CC du Pays de Honfleur-Beuzeville","14","Calvados"
200066710,"CC Cingal-Suisse Normande","14","Calvados"
241400555,"CC de Bayeux Intercom","14","Calvados"
200066801,"CC Isigny-Omaha Intercom","14","Calvados"
200065589,"CC Val Ès Dunes","14","Calvados"
200066728,"CC Vallées de l'Orne et de l'Odon","14","Calvados"
200069524,"CC Pré-Bocage Intercom","14","Calvados"
200069516,"CC Seulles Terre et Mer","14","Calvados"
200065563,"CC Normandie-Cabourg-Pays d'Auge","14","Calvados"
241400860,"CC Coeur de Nacre","14","Calvados"
241400878,"CC Blangy-Pont l'Evêque Intercom","14","Calvados"
241400514,"CC du Pays de Falaise","14","Calvados"
200069532,"CA Lisieux Normandie","14","Calvados"
200065597,"CU Caen la Mer","14","Calvados"
200068799,"CC Intercom de la Vire Au Noireau","14","Calvados"
241400415,"CC Coeur Côte Fleurie","14","Calvados"
200066389,"CA Saint-Lô Agglo","50","Manche"
200066637,"CC Hautes Terres","15","Cantal"
200066660,"CC de Saint-Flour","15","Cantal"
241501139,"CC du Pays de Salers","15","Cantal"
241501055,"CC Sumène - Artense","15","Cantal"
241500255,"CC du Pays Gentiane","15","Cantal"
241500271,"CC du Pays de Mauriac","15","Cantal"
200066678,"CC de la Châtaigneraie Cantalienne","15","Cantal"
241500230,"CA du Bassin d'Aurillac","15","Cantal"
241501089,"CC Cère et Goul en Carladès","15","Cantal"
246300966,"CC du Massif du Sancy","15","Cantal"
200072049,"CC de Charente Limousine","16","Charente"
200043016,"CC Val de Charente","16","Charente"
200068914,"CC la Rochefoucauld - Porte du Périgord","16","Charente"
200070282,"CC Lavalette Tude Dronne","16","Charente"
200072023,"CC Coeur de Charente","16","Charente"
200070514,"CA du Grand Cognac","16","Charente"
200029734,"CC des 4b Sud Charente","16","Charente"
200071827,"CA du Grand Angoulême","16","Charente"
241600303,"CC du Rouillacais","16","Charente"
200041523,"CC de la Haute Saintonge","17","Charente-Maritime"
200041614,"CC Aunis Sud","17","Charente-Maritime"
200041762,"CA Rochefort Océan","17","Charente-Maritime"
200041499,"CC Aunis Atlantique","17","Charente-Maritime"
241700434,"CA de la Rochelle","17","Charente-Maritime"
200041689,"CC Vals de Saintonge","17","Charente-Maritime"
241700640,"CA Royan Atlantique","17","Charente-Maritime"
241700459,"CC de l'Ile de Ré","17","Charente-Maritime"
241700517,"CC Charente-Arnoult-Coeur de Saintonge","17","Charente-Maritime"
241700632,"CC de Gémozac et de la Saintonge Viticole","17","Charente-Maritime"
241700699,"CC du Bassin de Marennes","17","Charente-Maritime"
200036473,"CA de Saintes","17","Charente-Maritime"
241700624,"CC de l'Ile d'Oléron","17","Charente-Maritime"
200066330,"CC Terres du Haut Berry","18","Cher"
200049484,"CC Berry Grand Sud","18","Cher"
200070571,"CC Coeur de Berry","18","Cher"
241800507,"CA Bourges Plus","18","Cher"
200011781,"CC Portes du Berry Entre Loire et Val d'Aubois","18","Cher"
200000933,"CC Sauldre et Sologne","18","Cher"
200032514,"CC Berry-Loire-Vauvise","18","Cher"
200036135,"CC Coeur de France","18","Cher"
200069227,"CC Pays Fort Sancerrois Val de Loire","18","Cher"
241800432,"CC les Trois Provinces","18","Cher"
241800374,"CC la Septaine","18","Cher"
241800424,"CC le Dunois","18","Cher"
200007177,"CC Pays de Nérondes","18","Cher"
200027076,"CC Arnon Boischaut Cher","18","Cher"
200068088,"CC Loire, Nièvre et Bertranges","18","Cher"
243600236,"CC du Pays d'Issoudun","18","Cher"
241800457,"CC Fercher Pays Florentais","18","Cher"
200033207,"CC Vierzon-Sologne-Berry","18","Cher"
241800325,"CC les Villages de la Forêt","18","Cher"
200066645,"CC Vézère-Monédières-Millesources","19","Corrèze"
200066744,"CC Haute-Corrèze Communauté","19","Corrèze"
200066769,"CC Midi Corrézien","19","Corrèze"
200066751,"CC Xaintrie Val'dordogne","19","Corrèze"
200043172,"CA du Bassin de Brive","19","Corrèze"
241927201,"CA Tulle Agglo","19","Corrèze"
200066603,"CC du Pays de Lubersac-Pompadour","19","Corrèze"
241900133,"CC de Ventadour - Egletons - Monédières","19","Corrèze"
241927243,"CC Vallée de l'hérault","19","Corrèze"
241927243,"CC du Pays d'Uzerche","19","Corrèze"
248700189,"CC du Pays de Saint Yrieix","19","Corrèze"
200070894,"CC de Gevrey-Chambertin et de Nuits-Saint-Georges","21","Côte-d'Or"
200039055,"CC Ouche et Montagne","21","Côte-d'Or"
242100410,"Dijon Métropole","21","Côte-d'Or"
242101434,"CC du Pays Châtillonnais","21","Côte-d'Or"
200000925,"CC de la Plaine Dijonnaise","21","Côte-d'Or"
200071017,"CC des Terres d'Auxois","21","Côte-d'Or"
242101459,"CC du Pays d'Alésia et de la Seine","21","Côte-d'Or"
200071173,"CC du Pays Arnay Liernais","21","Côte-d'Or"
200006682,"CA Beaune, Côte et Sud - Communauté Beaune-Chagny-Nolay","21","Côte-d'Or"
200071207,"CC de Pouilly en Auxois/Bligny Sur Ouche","21","Côte-d'Or"
200072825,"CC Mirebellois et Fontenois","21","Côte-d'Or"
200069540,"CC Norge et Tille","21","Côte-d'Or"
242101491,"CC du Montbardois","21","Côte-d'Or"
200070902,"CC Auxonne Pontailler Val de Saône","21","Côte-d'Or"
242101509,"CC Rives de Saône","21","Côte-d'Or"
242100154,"CC des Vallées de la Tille et de l'Ignon","21","Côte-d'Or"
200070910,"CC Tille et Venelle","21","Côte-d'Or"
200039063,"CC Forêts, Seine et Suzon","21","Côte-d'Or"
242101442,"CC de Saulieu","21","Côte-d'Or"
200067460,"CC Loudéac Communauté - Bretagne Centre","22","Côtes-d'Armor"
200069391,"CC Lamballe Terre et Mer","22","Côtes-d'Armor"
200068989,"CA Dinan Agglomération","22","Côtes-d'Armor"
200067981,"CA Guingamp-Paimpol Armor-Argoat Agglomération","22","Côtes-d'Armor"
200065928,"CA Lannion-Trégor Communauté","22","Côtes-d'Armor"
200069409,"CA Saint-Brieuc Armor Agglomération","22","Côtes-d'Armor"
200069086,"CC Leff Armor Communauté","22","Côtes-d'Armor"
NA,"#N/A","22","Côtes-d'Armor"
242200715,"CC du Kreiz-Breizh (Cckb)","22","Côtes-d'Armor"
243500725,"CC Côte d'Emeraude","22","Côtes-d'Armor"
242900744,"CC Poher Communauté","22","Côtes-d'Armor"
245614433,"CC Pontivy Communauté","22","Côtes-d'Armor"
200067189,"CC Creuse Sud Ouest","23","Creuse"
200034825,"CA du Grand Guéret","23","Creuse"
200044014,"CC Creuse Grand Sud","23","Creuse"
200067593,"CC Chénérailles, Auzances/Bellegarde et Haut Pays Marchois","23","Creuse"
200067510,"CC Monts et Vallées Ouest Creuse","23","Creuse"
200067544,"CC Creuse Confluence","23","Creuse"
200066744,"CC Haute-Corrèze Communauté","23","Creuse"
200041556,"CC Portes de la Creuse en Marche","23","Creuse"
200071819,"CC du Périgord Nontronnais","24","Dordogne"
200040392,"CA le Grand Périgueux","24","Dordogne"
200041150,"CC du Terrassonnais en Périgord Noir Thenon Hautefort","24","Dordogne"
200034833,"CC des Bastides Dordogne-Périgord","24","Dordogne"
200041051,"CC Vallée de la Dordogne et Forêt Bessède","24","Dordogne"
200040400,"CC du Pays Ribéracois","24","Dordogne"
242401024,"CC Isle-Loue-Auvézère en Périgord","24","Dordogne"
200040830,"CC du Pays de Fénelon","24","Dordogne"
200041168,"CC de la Vallée de l'homme","24","Dordogne"
200040889,"CC de Portes Sud Périgord","24","Dordogne"
200069094,"CC Isle et Crempse en Périgord","24","Dordogne"
200040095,"CC Isle Vern Salembre en Périgord","24","Dordogne"
200041572,"CC Dronne et Belle","24","Dordogne"
200070647,"CA Bergeracoise","24","Dordogne"
200041440,"CC de Domme- Villefranche du Périgord","24","Dordogne"
200027217,"CC Sarlat-Périgord Noir","24","Dordogne"
200034197,"CC de Montaigne Montravel et Gurson","24","Dordogne"
242400752,"CC Périgord-Limousin","24","Dordogne"
242400935,"CC du Pays de Saint Aulaye","24","Dordogne"
200040384,"CC Isle Double Landais","24","Dordogne"
243301371,"CC du Pays Foyen","24","Dordogne"
243301454,"CC Castillon/Pujols","24","Dordogne"
200068070,"CC Loue-Lison","25","Doubs"
200068294,"CC des Deux Vallées Vertes","25","Doubs"
200065647,"CA Pays de Montbéliard Agglomération","25","Doubs"
242504447,"CC du Doubs Baumois","25","Doubs"
242504181,"CC des Portes du Haut-Doubs","25","Doubs"
247000722,"CC du Pays d'héricourt","25","Doubs"
242500320,"CC de Montbenoit","25","Doubs"
242500361,"CA du Grand Besançon","25","Doubs"
242504488,"CC Altitude 800","25","Doubs"
242504496,"CC du Plateau de Frasne et du Val de Drugeon (Cfd)","25","Doubs"
242504355,"CC du Plateau de Russey","25","Doubs"
200023075,"CC du Pays de Maîche","25","Doubs"
242504116,"CC du Val de Morteau","25","Doubs"
242504371,"CC du Pays de Sancey-Belleherbe","25","Doubs"
200041887,"CC du Val Marnaysien","25","Doubs"
247000714,"CC du Pays de Villersexel","25","Doubs"
200069565,"CC des Lacs et Montagnes du Haut-Doubs","25","Doubs"
242500338,"CC du Grand Pontarlier","25","Doubs"
242600534,"CC du Diois","26","Drôme"
200040491,"CC Porte de Dromardèche","26","Drôme"
242600492,"CC Dieulefit-Bourdeaux","26","Drôme"
200068781,"CA Valence Romans Agglo","26","Drôme"
200040459,"CA Montélimar Agglomération","26","Drôme"
242600252,"CC du Val de Drôme","26","Drôme"
200040509,"CC du Crestois et de Pays de Saillans Coeur de Drôme","26","Drôme"
200068229,"CC des Baronnies en Drôme Provençale","26","Drôme"
200073096,"CA Hermitage-Tournonais-Herbasse-Pays de Saint Félicien","26","Drôme"
200042901,"CC Drôme Sud Provence","26","Drôme"
200067767,"CC du Royans-Vercors","26","Drôme"
200040681,"CC Enclave des Papes-Pays de Grignan","26","Drôme"
200035723,"CC Ventoux Sud","26","Drôme"
200068765,"CC du Sisteronais-Buëch","26","Drôme"
248400335,"CC Vaison Ventoux","26","Drôme"
200071033,"CC Jabron-Lure-Vançon-Durance","26","Drôme"
200066413,"CC Intercom Bernay Terres de Normandie","27","Eure"
200071454,"CA Evreux Portes de Normandie","27","Eure"
200035665,"CA Seine Eure","27","Eure"
200072312,"CA Seine Normandie Agglomération","27","Eure"
242700623,"CC Eure-Madrie-Seine","27","Eure"
200066405,"CC Roumois Seine","27","Eure"
200066462,"CC Interco Normandie Sud Eure","27","Eure"
200071843,"CC du Vexin Normand","27","Eure"
200070142,"CC Lyons Andelle","27","Eure"
200065787,"CC de Pont-Audemer / Val de Risle","27","Eure"
200066017,"CC Lieuvin Pays d'Auge","27","Eure"
242700276,"CC du Pays de Conches","27","Eure"
242700607,"CC du Pays du Neubourg","27","Eure"
200066827,"CC du Pays de Honfleur-Beuzeville","27","Eure"
200069730,"CC des 4 Rivières","27","Eure"
200040277,"CA Agglo du Pays de Dreux","27","Eure"
200040277,"CA Agglo du Pays de Dreux","28","Eure-et-Loir"
200070159,"CC Coeur de Beauce","28","Eure-et-Loir"
200033181,"CA Chartres Métropole","28","Eure-et-Loir"
242852465,"CC du Bonnevalais","28","Eure-et-Loir"
200006971,"CC du Perche","28","Eure-et-Loir"
200069961,"CC du Grand Châteaudun","28","Eure-et-Loir"
200069953,"CC des Portes Euréliennes D Ile de France","28","Eure-et-Loir"
200058360,"CC Entre Beauce et Perche","28","Eure-et-Loir"
200070167,"CC Terres de Perche","28","Eure-et-Loir"
200069912,"CC des Forêts du Perche","28","Eure-et-Loir"
247800550,"CC du Pays Houdanais (C.C.P.H.)","28","Eure-et-Loir"
200066462,"CC Interco Normandie Sud Eure","28","Eure-et-Loir"
200066868,"CC Presqu'île de Crozon-Aulne Maritime","29","Finistère"
242900694,"CA Quimperlé Communauté","29","Finistère"
242900629,"CC Cap Sizun - Pointe du Raz","29","Finistère"
242900660,"CC du Pays Fouesnantais","29","Finistère"
200067197,"CC Monts d'Arrée Communauté","29","Finistère"
242900751,"CC du Pays de Landivisiau","29","Finistère"
242900314,"Brest Métropole","29","Finistère"
242900835,"CA Morlaix Communauté","29","Finistère"
242900553,"CC du Pays des Abers","29","Finistère"
242900074,"CC du Pays d'Iroise","29","Finistère"
200068120,"CA Quimper Bretagne Occidentale","29","Finistère"
242900793,"CC Communauté Lesneven Côte des Légendes","29","Finistère"
242900744,"CC Poher Communauté","29","Finistère"
200067247,"CC Pleyben-Châteaulin-Porzay","29","Finistère"
242900561,"CC de Haute Cornouaille","29","Finistère"
200067072,"CC Haut-Léon Communauté","29","Finistère"
242900702,"CC du Pays Bigouden Sud","29","Finistère"
242900769,"CA Concarneau Cornouaille Agglomération","29","Finistère"
242900801,"CC du Pays de Landerneau-Daoulas","29","Finistère"
242900645,"CC Douarnenez Communauté","29","Finistère"
242900710,"CC du Haut Pays Bigouden","29","Finistère"
NA,"#N/A","29","Finistère"
242010056,"CA du Pays Ajaccien","2A","Corse-du-Sud"
200038958,"CC de la Pieve de l'Ornano","2A","Corse-du-Sud"
242000495,"CC de l'Alta Rocca","2A","Corse-du-Sud"
200067049,"CC Spelunca-Liamone","2A","Corse-du-Sud"
242010130,"CC du Sartenais Valinco","2A","Corse-du-Sud"
242000503,"CC Celavu-Prunelli","2A","Corse-du-Sud"
200040764,"CC du Sud Corse","2A","Corse-du-Sud"
200015162,"CC de l'Oriente","2B","Haute-Corse"
200073138,"CC Pasquale Paoli","2B","Haute-Corse"
242020105,"CC de Calvi Balagne","2B","Haute-Corse"
200073120,"CC Nebbiu - Conca d'Oro","2B","Haute-Corse"
200042943,"CC du Cap Corse","2B","Haute-Corse"
242000354,"CA de Bastia","2B","Haute-Corse"
200073104,"CC de l'Ile-Rousse - Balagne","2B","Haute-Corse"
200036499,"CC de Marana-Golo","2B","Haute-Corse"
200073252,"CC de la Castagniccia-Casinca","2B","Haute-Corse"
242020071,"CC du Centre Corse","2B","Haute-Corse"
200034205,"CC de la Costa Verde","2B","Haute-Corse"
200033827,"CC de Fium'orbu Castellu","2B","Haute-Corse"
200034379,"CC Pays d'Uzès","30","Gard"
200034411,"CC du Piémont Cévenol","30","Gard"
243000650,"CC Terre de Camargue","30","Gard"
243000569,"CC Rhony, Vistre, Vidourle","30","Gard"
200034692,"CA du Gard Rhodanien","30","Gard"
243000593,"CC de Petite Camargue","30","Gard"
200066918,"CA Alès Agglomération","30","Gard"
200035129,"CC de Cèze Cévennes","30","Gard"
243000270,"CC du Pays Viganais","30","Gard"
248400251,"CA du Grand Avignon (Coga)","30","Gard"
243000684,"CC du Pont du Gard","30","Gard"
243000296,"CC du Pays de Sommières","30","Gard"
243000585,"CC Beaucaire Terre d'Argence","30","Gard"
243000643,"CA de Nîmes Métropole","30","Gard"
200034601,"CC Causses Aigoual Cévennes","30","Gard"
200069128,"CC Mont Lozère","30","Gard"
243400736,"CC des Cévennes Gangeoises et Suménoises","30","Gard"
200072643,"CC Coeur et Coteaux du Comminges","31","Haute-Garonne"
200071298,"CC des Terres du Lauragais","31","Haute-Garonne"
243100518,"Toulouse Métropole","31","Haute-Garonne"
243100633,"CA du Sicoval","31","Haute-Garonne"
200072635,"CC Pyrénées Haut Garonnaises","31","Haute-Garonne"
200073146,"CC Cagire Garonne Salat","31","Haute-Garonne"
200068807,"CC Lèze Ariège","31","Haute-Garonne"
200034023,"CC Tarn-Agout","31","Haute-Garonne"
200066819,"CC du Volvestre","31","Haute-Garonne"
243100732,"CC des Coteaux du Girou","31","Haute-Garonne"
200068815,"CC Coeur de Garonne","31","Haute-Garonne"
243100567,"CC Lauragais Revel Sorezois","31","Haute-Garonne"
200071314,"CC Save Garonne et Côteaux de Cadours","31","Haute-Garonne"
243100773,"CC Val'aïgo","31","Haute-Garonne"
200068641,"CA le Muretain Agglo","31","Haute-Garonne"
200034957,"CC du Frontonnais","31","Haute-Garonne"
243100815,"CC des Coteaux Bellevue","31","Haute-Garonne"
200023620,"CC de la Gascogne Toulousaine","31","Haute-Garonne"
243100781,"CC de la Save Au Touch","31","Haute-Garonne"
200035632,"CC Armagnac Adour","32","Gers"
200042372,"CC des Coteaux Arrats Gimone","32","Gers"
200066926,"CA Grand Auch Coeur de Gascogne","32","Gers"
200030435,"CC d'Aire Sur l'Adour","32","Gers"
243200409,"CC du Bas Armagnac","32","Gers"
200034726,"CC Bastides de Lomagne","32","Gers"
243200508,"CC Bastides et Vallons du Gers","32","Gers"
243200425,"CC Coeur d'Astarac en Gascogne","32","Gers"
200072320,"CC Val de Gers","32","Gers"
200023620,"CC de la Gascogne Toulousaine","32","Gers"
200035756,"CC Astarac Arros en Gascogne","32","Gers"
243200458,"CC du Grand Armagnac","32","Gers"
243200607,"CC Artagnan de Fezensac","32","Gers"
243200417,"CC de la Tenarèze","32","Gers"
243200391,"CC de la Lomagne Gersoise","32","Gers"
243200599,"CC du Saves","32","Gers"
248200016,"CC des Deux Rives","32","Gers"
200070092,"CA du Libournais","33","Gironde"
200044394,"CC du Réolais en Sud Gironde","33","Gironde"
243300316,"Bordeaux Métropole","33","Gironde"
243301504,"CA du Bassin Nord","33","Gironde"
243300811,"CC de l'Estuaire - Canton de Saint Ciers Sur Gironde","33","Gironde"
200069581,"CC Convergence Garonne","33","Gironde"
200069599,"CC Rurales de l'Entre-Deux-Mers","33","Gironde"
243300563,"CA Bassin d'Arcachon Sud-Pôle Atlantique (Cobas)","33","Gironde"
243301447,"CC Médoc Estuaire","33","Gironde"
200035533,"CC du Grand Saint Emilionnais","33","Gironde"
243301397,"CC du Fronsadais","33","Gironde"
200043982,"CC du Bazadais","33","Gironde"
243301223,"CC Grand Cubzaguais","33","Gironde"
243301371,"CC du Pays Foyen","33","Gironde"
243301389,"CC Médullienne","33","Gironde"
243301264,"CC de Montesquieu","33","Gironde"
200043974,"CC du Sud Gironde","33","Gironde"
243301215,"CC du Créonnais","33","Gironde"
243301405,"CC du Val de l'Eyre","33","Gironde"
243301439,"CC des Portes de l'Entre Deux Mers","33","Gironde"
200023794,"CC de Blaye","33","Gironde"
200069995,"CC Médoc Coeur de Presqu'ile","33","Gironde"
243301249,"CC du Secteur de Saint Loubes","33","Gironde"
243301355,"CC des Coteaux Bordelais","33","Gironde"
243301454,"CC Castillon/Pujols","33","Gironde"
243301165,"CC Jalle-Eau-Bourde","33","Gironde"
200070720,"CC Médoc Atlantique","33","Gironde"
243301181,"CC Latitude Nord Gironde","33","Gironde"
200071058,"CC les Avant-Monts","34","Hérault"
243400819,"CA Hérault-Méditerranée","34","Hérault"
200066348,"CC Minervois Saint-Ponais Orb-Jaur","34","Hérault"
243400736,"CC des Cévennes Gangeoises et Suménoises","34","Hérault"
200042646,"CC Grand Orb Communauté de Communes en Languedoc","34","Hérault"
243400769,"CA de Béziers-Méditerranée","34","Hérault"
243400694,"CC Vallée de l'hérault","34","Hérault"
243400355,"CC du Clermontais","34","Hérault"
200022986,"CC du Grand Pic Saint-Loup","34","Hérault"
200042653,"CC Sud-Hérault","34","Hérault"
243400017,"Montpellier Méditerranée Métropole","34","Hérault"
200066355,"CA du Bassin de Thau","34","Hérault"
243400520,"CC du Pays de Lunel","34","Hérault"
200017341,"CC Lodévois et Larzac","34","Hérault"
200066553,"CC des Monts de Lacaune et de la Montagne du Haut Languedoc","34","Hérault"
243400470,"CA du Pays de l'Or","34","Hérault"
243400488,"CC la Domitienne","34","Hérault"
243500139,"Rennes Métropole","35","Ille-et-Vilaine"
243500634,"CC Au Pays de la Roche Aux Fées","35","Ille-et-Vilaine"
243500667,"CC du Val d'Ille-Aubigné","35","Ille-et-Vilaine"
200070688,"CC Couesnon Marches de Bretagne","35","Ille-et-Vilaine"
200039022,"CA Vitré Communauté","35","Ille-et-Vilaine"
200070670,"CC du Pays de Dol et de la Baie du Mont Saint-Michel","35","Ille-et-Vilaine"
200070662,"CC Bretagne Porte de Loire Communauté","35","Ille-et-Vilaine"
243500741,"CA Redon Agglomération","35","Ille-et-Vilaine"
200043990,"CC Vallons de Haute-Bretagne Communauté","35","Ille-et-Vilaine"
243500733,"CC Bretagne Romantique","35","Ille-et-Vilaine"
200072452,"CA Fougères Agglomération","35","Ille-et-Vilaine"
243500550,"CC Montfort Communauté","35","Ille-et-Vilaine"
200038990,"CC de Saint-Méen Montauban","35","Ille-et-Vilaine"
243500774,"CC Liffré-Cormier Communauté","35","Ille-et-Vilaine"
243500618,"CC de Brocéliande","35","Ille-et-Vilaine"
243500782,"CA du Pays de Saint Malo - Saint Malo Agglomération","35","Ille-et-Vilaine"
243500659,"CC Pays de Châteaugiron Communauté","35","Ille-et-Vilaine"
243500725,"CC Côte d'Emeraude","35","Ille-et-Vilaine"
200007052,"CC de la Marche Berrichonne","36","Indre"
200068880,"CC Champagne Boischauts","36","Indre"
243600202,"CC Chabris - Pays de Bazelle","36","Indre"
243600327,"CA Châteauroux Métropole","36","Indre"
200068872,"CC Eguzon - Argenton - Vallée de la Creuse","36","Indre"
243600301,"CC Val de l'Indre - Brenne","36","Indre"
200035848,"CC du Châtillonnais en Berry","36","Indre"
243600343,"CC Coeur de Brenne","36","Indre"
243600293,"CC de la Région de Levroux","36","Indre"
200035137,"CC Marche Occitane - Val d'Anglin","36","Indre"
243600350,"CC de la Châtre et Sainte Sévère","36","Indre"
243600319,"CC Brenne - Val de Creuse","36","Indre"
243600236,"CC du Pays d'Issoudun","36","Indre"
200018521,"CC du Val de Bouzanne","36","Indre"
200040558,"CC Ecueillé-Valençay","36","Indre"
200071587,"CC Loches Sud Touraine","37","Indre-et-Loire"
200072981,"CC Touraine Ouest Val de Loire","37","Indre-et-Loire"
200043065,"CC du Val D Amboise","37","Indre-et-Loire"
200043081,"CC Chinon, Vienne et Loire","37","Indre-et-Loire"
200072668,"CC Touraine Val de Vienne","37","Indre-et-Loire"
200072650,"CC Touraine Vallée de l'Indre","37","Indre-et-Loire"
243700820,"CC de Bléré Val de Cher","37","Indre-et-Loire"
243700499,"CC du Castelrenaudais","37","Indre-et-Loire"
200073161,"CC Touraine-Est Vallées","37","Indre-et-Loire"
243700754,"Tours Métropole Val de Loire","37","Indre-et-Loire"
200073237,"CC de Gâtine et Choisilles - Pays de Racan","37","Indre-et-Loire"
200068567,"CC les Vals du Dauphiné","38","Isère"
200018166,"CC le Grésivaudan","38","Isère"
243800778,"CC du Pays Roussillonnais","38","Isère"
200070431,"CC Saint-Marcellin Vercors Isère Communauté","38","Isère"
243800745,"CC de l'Oisans","38","Isère"
200040657,"CC de la Matheysine","38","Isère"
200068542,"CC les Balcons du Dauphiné","38","Isère"
243800935,"CC Lyon Saint Exupéry en Dauphiné","38","Isère"
243801073,"CC de Bièvre Est","38","Isère"
200059392,"CC Bièvre Isère","38","Isère"
243801024,"CC du Massif du Vercors","38","Isère"
200030658,"CC du Trièves","38","Isère"
243800844,"CC du Territoire de Beaurepaire","38","Isère"
243800984,"CA du Pays Voironnais","38","Isère"
243801255,"CC des Collines du Nord Dauphiné","38","Isère"
243800604,"CA Porte de l'Isère (C.A.P.I)","38","Isère"
200040715,"Métropole Grenoble-Alpes-Métropole","38","Isère"
200077014,"CA Vienne Condrieu","38","Isère"
200040111,"CC Coeur de Chartreuse","38","Isère"
200010650,"CA du Grand Dole","39","Jura"
200071595,"CC Arbois, Poligny, Salins, Coeur du Jura","39","Jura"
243901071,"CC de la Région d'Orgelet","39","Jura"
200069623,"CC Champagnole Nozeroy Jura","39","Jura"
200012060,"CC Petite Montagne","39","Jura"
243901089,"CC de la Plaine Jurassienne","39","Jura"
200069615,"CC Bresse Haute Seille","39","Jura"
200072056,"CC Porte du Jura","39","Jura"
243900420,"CC du Val d'Amour","39","Jura"
200026573,"CC Haut-Jura Saint-Claude","39","Jura"
243900719,"CC du Pays des Lacs","39","Jura"
243900560,"CC Jura Nord","39","Jura"
243900479,"CC du Haut-Jura (Arcade)","39","Jura"
243900354,"CC de la Station des Rousses-Haut Jura","39","Jura"
200071116,"CA Ecla  (Espace Communautaire Lons Agglomération)","39","Jura"
243900412,"CC Jura Sud","39","Jura"
243900610,"CC la Grandvallière","39","Jura"
200030435,"CC d'Aire Sur l'Adour","40","Landes"
244000881,"CC Coteaux et Vallées des Luys","40","Landes"
244000675,"CA du Grand Dax","40","Landes"
244000865,"CC Maremne Adour Côte Sud","40","Landes"
200069649,"CC Chalosse Tursan","40","Landes"
244000691,"CC du Pays Morcenais","40","Landes"
200069656,"CC Coeur Haute Lande","40","Landes"
244000824,"CC du Pays Grenadois","40","Landes"
244000774,"CC du Pays de Villeneuve en Armagnac Landais","40","Landes"
200035541,"CC des Landes d'Armagnac","40","Landes"
244000766,"CC du Pays Tarusate","40","Landes"
244000543,"CC de Mimizan","40","Landes"
200069631,"CC Terres de Chalosse","40","Landes"
200069417,"CC Pays d'Orthe et Arrigans","40","Landes"
244000808,"CA Mont de Marsan Agglomération","40","Landes"
244000659,"CC du Seignanx","40","Landes"
244000873,"CC des Grands Lacs","40","Landes"
244000857,"CC Côte Landes Nature","40","Landes"
200072072,"CA Territoires Vendômois","41","Loir-et-Cher"
200072064,"CC Val-De-Cher-Controis","41","Loir-et-Cher"
244100293,"CC des Collines du Perche","41","Loir-et-Cher"
200055481,"CC Beauce Val de Loire","41","Loir-et-Cher"
200030385,"CA de Blois ''agglopolys''","41","Loir-et-Cher"
244100798,"CC du Grand Chambord","41","Loir-et-Cher"
200018406,"CC du Romorantinais et du Monestois","41","Loir-et-Cher"
200070183,"CC des Terres du Val de Loire","41","Loir-et-Cher"
200040772,"CC du Perche et Haut Vendômois","41","Loir-et-Cher"
200000800,"CC Coeur de Sologne","41","Loir-et-Cher"
244100780,"CC de la Sologne des Etangs","41","Loir-et-Cher"
244100806,"CC de la Sologne des Rivières","41","Loir-et-Cher"
244200770,"Saint-Etienne Métropole","42","Loire"
200065886,"CA Loire Forez Agglomération Lfa","42","Loire"
200035731,"CA Roannais Agglomération","42","Loire"
244200614,"CC des Vals d'Aix et Isable","42","Loire"
200035202,"CC Charlieu-Belmont","42","Loire"
200065894,"CC de Forez-Est","42","Loire"
244200622,"CC des Monts du Pilat","42","Loire"
244200895,"CC du Pilat Rhodanien","42","Loire"
244200820,"CC du Pays d'Urfé","42","Loire"
200066587,"CC des Monts du Lyonnais","42","Loire"
244200630,"CC du Pays Entre Loire et Rhône","42","Loire"
244301032,"CC Brioude Sud Auvergne","43","Haute-Loire"
200073419,"CA du Puy-En-Velay","43","Haute-Loire"
200073401,"CC Mézenc-Loire-Meygal","43","Haute-Loire"
244301123,"CC des Pays de Cayres et de Pradelles","43","Haute-Loire"
200073393,"CC des Rives du Haut Allier","43","Haute-Loire"
244301016,"CC des Sucs","43","Haute-Loire"
244301131,"CC Loire et Semène","43","Haute-Loire"
244301099,"CC Auzon Communauté","43","Haute-Loire"
200073427,"CC Marches du Velay-Rochebaron","43","Haute-Loire"
244301107,"CC du Haut Lignon","43","Haute-Loire"
244300307,"CC du Pays de Montfaucon","43","Haute-Loire"
244400537,"CC de Nozay","44","Loire-Atlantique"
200067635,"CA Clisson Sèvre et Maine Agglo","44","Loire-Atlantique"
244400552,"CC du Pays d'Ancenis","44","Loire-Atlantique"
200067346,"CA Pornic Agglo Pays de Retz","44","Loire-Atlantique"
244400610,"CA de la Presqu'île de Guérande Atlantique (Cap Atlantique)","44","Loire-Atlantique"
243500741,"CA Redon Agglomération","44","Loire-Atlantique"
200067866,"CC Sèvre et Loire","44","Loire-Atlantique"
244400404,"Nantes Métropole","44","Loire-Atlantique"
244400644,"CA de la Région Nazairienne et de l'Estuaire (Carene)","44","Loire-Atlantique"
244400438,"CC de Grand Lieu","44","Loire-Atlantique"
244400453,"CC de la Région de Blain","44","Loire-Atlantique"
200072734,"CC Estuaire et Sillon","44","Loire-Atlantique"
200071546,"CC Sud Retz Atlantique","44","Loire-Atlantique"
244400503,"CC d'Erdre et Gesvres","44","Loire-Atlantique"
200072726,"CC Châteaubriant-Derval","44","Loire-Atlantique"
244400586,"CC du Sud Estuaire","44","Loire-Atlantique"
200000438,"CC du Pays de Pontchâteau St Gildas des Bois","44","Loire-Atlantique"
244400552,"CC du Pays d'Ancenis","49","Maine-et-Loire"
200068278,"CC Berry Loire Puisaye","45","Loiret"
200067676,"CC Canaux et Forêts en Gâtinais","45","Loiret"
244500203,"CA Montargoise et Rives du Loing (A.M.E.)","45","Loiret"
244500542,"CC de la Plaine du Nord Loiret","45","Loiret"
200005932,"CC des Portes de Sologne","45","Loiret"
200035764,"CC de la Beauce Loirétaine","45","Loiret"
244500484,"CC de la Forêt","45","Loiret"
200066280,"CC du Pithiverais","45","Loiret"
200071850,"CC du Pithiverais-Gâtinais","45","Loiret"
200070183,"CC des Terres du Val de Loire","45","Loiret"
200067668,"CC de la Cléry, du Betz et de l'Ouanne","45","Loiret"
244500419,"CC des Quatre Vallées","45","Loiret"
244500468,"Orléans Métropole","45","Loiret"
244500211,"CC Giennoises","45","Loiret"
200070100,"CC du Val de Sully","45","Loiret"
244500427,"CC des Loges","45","Loiret"
244600433,"CC de la Vallée du Lot et du Vignoble","46","Lot"
200067361,"CC Grand-Figeac","46","Lot"
200066371,"CC Causses et Vallée de la Dordogne","46","Lot"
244600482,"CC Quercy - Bouriane","46","Lot"
200023737,"CA du Grand Cahors","46","Lot"
200035327,"CC Cazals-Salviac","46","Lot"
244600532,"CC du Pays de Lalbenque-Limogne","46","Lot"
200039519,"CC du Quercy Blanc","46","Lot"
244600573,"CC du Causse de Labastide Murat","46","Lot"
200069383,"CC du Grand Villefranchois","46","Lot"
200035459,"CA Agglomération d'Agen","47","Lot-et-Garonne"
200030674,"CA Val de Garonne Agglomération","47","Lot-et-Garonne"
244700464,"CC du Pays de Lauzun","47","Lot-et-Garonne"
200068922,"CC du Confluent et des Coteaux de Prayssas","47","Lot-et-Garonne"
200023307,"CA du Grand Villeneuvois","47","Lot-et-Garonne"
244701355,"CC des Coteaux et Landes de Gascogne","47","Lot-et-Garonne"
200068948,"CC Albret Communauté","47","Lot-et-Garonne"
200068930,"CC Fumel Vallée du Lot","47","Lot-et-Garonne"
244700449,"CC du Pays de Duras","47","Lot-et-Garonne"
200036523,"CC des Bastides en Haut Agenais Périgord","47","Lot-et-Garonne"
200036572,"CC Porte d'Aquitaine en Pays de Serres","47","Lot-et-Garonne"
244701405,"CC Lot et Tolzac","47","Lot-et-Garonne"
248200016,"CC des Deux Rives","47","Lot-et-Garonne"
200069144,"CC des Hautes Terres de l'Aubrac","48","Lozère"
200069185,"CC des Terres d'Apcher-Margeride-Aubrac","48","Lozère"
200069128,"CC Mont Lozère","48","Lozère"
244800470,"CC du Gévaudan","48","Lozère"
200069102,"CC Randon - Margeride","48","Lozère"
200006930,"CC du Haut Allier","48","Lozère"
244800405,"CC Coeur de Lozère","48","Lozère"
200069268,"CC Aubrac Lot Causses Tarn","48","Lozère"
200069151,"CC Gorges Causses Cévennes","48","Lozère"
200069136,"CC des Cévennes Au Mont Lozère","48","Lozère"
241200567,"CC de Millau Grands Causses","48","Lozère"
200071553,"CC Loire Layon Aubance","49","Maine-et-Loire"
200071876,"CA Saumur Val de Loire","49","Maine-et-Loire"
244900015,"CU Angers Loire Métropole","49","Maine-et-Loire"
200071868,"CC des Vallées du Haut-Anjou","49","Maine-et-Loire"
200060010,"CA Mauges Communauté","49","Maine-et-Loire"
244900809,"CC Anjou Bleu Communauté","49","Maine-et-Loire"
244900882,"CC Baugeois Vallée","49","Maine-et-Loire"
200068955,"CC Anjou Loir et Sarthe","49","Maine-et-Loire"
200071678,"CA Agglomération du Choletais","49","Maine-et-Loire"
200067205,"CA du Cotentin","50","Manche"
200067023,"CC Coutances Mer et Bocage","50","Manche"
200042729,"CC de la Baie du Cotentin","50","Manche"
200042604,"CC de Granville, Terre et Mer","50","Manche"
200069425,"CA Mont-Saint-Michel-Normandie","50","Manche"
200067031,"CC Côte Ouest Centre Manche","50","Manche"
200043354,"CC de Villedieu Intercom","50","Manche"
200034718,"CC de Vitry, Champagne et Der","51","Marne"
200066850,"CC des Paysages de la Champagne","51","Marne"
200066876,"CA de Châlons-En-Champagne","51","Marne"
200066835,"CC de Sézanne-Sud Ouest Marnais","51","Marne"
200067379,"CC Côtes de Champagne et Val de Saulx","51","Marne"
245100615,"CC de la Grande Vallée de la Marne","51","Marne"
200068666,"CA de Saint-Dizier Der et Blaise","51","Marne"
245100979,"CC du Sud Marnais","51","Marne"
200042703,"CC de l'Argonne Champenoise","51","Marne"
200042992,"CC Perthois-Bocage et Der","51","Marne"
200067684,"CA Epernay, Coteaux et Plaine de Champagne","51","Marne"
245100888,"CC de la Brie Champenoise","51","Marne"
200043438,"CC de la Moivre À la Coole","51","Marne"
200042620,"CC de la Région de Suippes","51","Marne"
200068658,"CA de Chaumont du Bassin Nogentais et du Bassin de Bologne Vignory Froncles","52","Haute-Marne"
200070332,"CC du Pays de Chalindrey de Vannier Amance et de la Région de Bourbonne-Les-Bains","52","Haute-Marne"
200069664,"CC Meuse Rognon","52","Haute-Marne"
200044253,"CC du Bassin de Joinville en Champagne","52","Haute-Marne"
245200597,"CC des Trois Forêts","52","Haute-Marne"
200068666,"CA de Saint-Dizier Der et Blaise","52","Haute-Marne"
200072999,"CC du Grand Langres","52","Haute-Marne"
200027308,"CC d'Auberive Vingeanne et Montsaugeonnais","52","Haute-Marne"
200068559,"CC de l'Ouest Vosgien","52","Haute-Marne"
245300330,"CA de Laval","53","Mayenne"
200055887,"CC Mayenne Communauté","53","Mayenne"
245300389,"CC du Bocage Mayennais","53","Mayenne"
245300447,"CC du Pays de Château-Gontier","53","Mayenne"
245300355,"CC de l'Ernée","53","Mayenne"
245300223,"CC du Pays de Meslay-Grez","53","Mayenne"
200033298,"CC des Coëvrons","53","Mayenne"
200048551,"CC du Pays de Craon","53","Mayenne"
200042182,"CC du Mont des Avaloirs","53","Mayenne"
245300306,"CC du Pays de Loiron","53","Mayenne"
247200090,"CC de Sablé-Sur-Sarthe","53","Mayenne"
200070589,"CC de Seille et Grand Couronné","54","Meurthe-et-Moselle"
200070845,"CC Orne Lorraine Confluences","54","Meurthe-et-Moselle"
245400510,"CC du Pays de Colombey et du Sud Toulois","54","Meurthe-et-Moselle"
200035772,"CC du Pays du Saintois","54","Meurthe-et-Moselle"
200070563,"CC Terres Touloises","54","Meurthe-et-Moselle"
200043693,"CC Terre Lorraine du Longuyonnais","54","Meurthe-et-Moselle"
200069433,"CC de Vezouze en Piémont","54","Meurthe-et-Moselle"
200070290,"CC Pays de L?audunois et du Bassin de Landres","54","Meurthe-et-Moselle"
245400759,"CC du Pays du Sanon","54","Meurthe-et-Moselle"
200070738,"CC Mad et Moselle","54","Meurthe-et-Moselle"
245400676,"Métropole du Grand Nancy","54","Meurthe-et-Moselle"
200041515,"CC du Bassin de Pont-À-Mousson","54","Meurthe-et-Moselle"
245400189,"CC des Pays du Sel et du Vermois","54","Meurthe-et-Moselle"
200070324,"CC du Territoire de Lunéville À Baccarat","54","Meurthe-et-Moselle"
245400171,"CC Moselle et Madon","54","Meurthe-et-Moselle"
200067643,"CC Meurthe Mortagne Moselle","54","Meurthe-et-Moselle"
200071066,"CA de Saint-Dié-Des-Vosges","54","Meurthe-et-Moselle"
245400601,"CC du Bassin de Pompey","54","Meurthe-et-Moselle"
245400262,"CA de Longwy","54","Meurthe-et-Moselle"
245701404,"CC du Pays Haut Val d'Alzette","54","Meurthe-et-Moselle"
200066108,"CC Haute Saulx et Perthois-Val d'Ornois","55","Meuse"
245501242,"CC du Pays d'Etain","55","Meuse"
200066132,"CC du Pays de Stenay et du Val Dunois","55","Meuse"
200066165,"CC Val de Meuse - Voie Sacrée","55","Meuse"
200066173,"CC de Damvillers Spincourt","55","Meuse"
245501184,"CC du Pays de Revigny Sur Ornain","55","Meuse"
200034874,"CC Côtes de Meuse Woëvre","55","Meuse"
200066116,"CC Argonne-Meuse","55","Meuse"
200066140,"CC de l'Aire À l'Argonne","55","Meuse"
245501176,"CC du Territoire de Fresnes en Woëvre","55","Meuse"
245501259,"CC du Pays de Montmédy","55","Meuse"
245500327,"CC du Sammiellois","55","Meuse"
200033025,"CA de Bar-Le-Duc - Sud Meuse","55","Meuse"
200049187,"CA du Grand Verdun","55","Meuse"
200066157,"CC de Commercy - Void - Vaucouleurs","55","Meuse"
200070290,"CC Pays de L?audunois et du Bassin de Landres","55","Meuse"
243500741,"CA Redon Agglomération","56","Morbihan"
200027027,"CC Arc Sud Bretagne","56","Morbihan"
200067932,"CA Golfe du Morbihan - Vannes Agglomération","56","Morbihan"
200066785,"CC de l'Oust À Brocéliande Communauté","56","Morbihan"
200043123,"CC Auray Quiberon Terre Atlantique","56","Morbihan"
245600465,"CC de Belle Ile en Mer","56","Morbihan"
200067221,"CC Centre Morbihan Communauté","56","Morbihan"
245614417,"CC Roi Morvan Communauté","56","Morbihan"
245614383,"CC Questembert Communauté","56","Morbihan"
200042174,"CA Lorient Agglomération","56","Morbihan"
245614433,"CC Pontivy Communauté","56","Morbihan"
200066777,"CC Ploërmel Communauté","56","Morbihan"
244400610,"CA de la Presqu'île de Guérande Atlantique (Cap Atlantique)","56","Morbihan"
245600440,"CC de Blavet Bellevue Océan","56","Morbihan"
245701354,"CC de l'Arc Mosellan","57","Moselle"
245701206,"CC du Saulnois","57","Moselle"
200068146,"CC Sarrebourg Moselle Sud","57","Moselle"
200069441,"CC du Pays de Bitche","57","Moselle"
245700133,"CC du District Urbain de Faulquemont (Duf)","57","Moselle"
245701222,"CA du Val de Fensch","57","Moselle"
245700372,"CA de Forbach Porte de France","57","Moselle"
200067502,"CA Saint-Avold Synergie","57","Moselle"
200067486,"CC Bouzonvillois-Trois Frontières","57","Moselle"
200039865,"Metz Métropole","57","Moselle"
245701271,"CC du Pays Orne Moselle","57","Moselle"
200039907,"CC du Sud Messin","57","Moselle"
200070738,"CC Mad et Moselle","57","Moselle"
245701362,"CA Portes de France-Thionville","57","Moselle"
200039949,"CC Rives de Moselle","57","Moselle"
245700950,"CC du Pays de Phalsbourg","57","Moselle"
245701404,"CC du Pays Haut Val d'Alzette","57","Moselle"
200067650,"CC Houve-Pays Boulageois","57","Moselle"
245700398,"CC de Freyming-Merlebach","57","Moselle"
200067957,"CC Haut Chemin-Pays de Pange","57","Moselle"
245700695,"CC de Cattenom et Environs","57","Moselle"
245701164,"CC du Warndt","57","Moselle"
200070746,"CA Sarreguemines Confluences","57","Moselle"
200067882,"CC Bazois Loire Morvan","58","Nièvre"
200067916,"CC Loire, Vignobles et Nohain","58","Nièvre"
200067890,"CC Morvan Sommets et Grands Lacs","58","Nièvre"
200067692,"CC Tannay-Brinon-Corbigny","58","Nièvre"
200067908,"CC Amognes Coeur du Nivernais","58","Nièvre"
200068088,"CC Loire, Nièvre et Bertranges","58","Nièvre"
200067429,"CC Haut Nivernais-Val d'Yonne","58","Nièvre"
200067130,"CC de Puisaye-Forterre","58","Nièvre"
200067700,"CC Sud Nivernais","58","Nièvre"
245804497,"CC du Nivernais Bourbonnais","58","Nièvre"
245804406,"CA de Nevers","58","Nièvre"
245801063,"CC Loire et Allier","58","Nièvre"
200071140,"CA Moulins Communauté","58","Nièvre"
200068500,"CA de Cambrai","59","Nord"
200042190,"CA de la Porte du Hainaut","59","Nord"
200043396,"CA Maubeuge Val de Sambre","59","Nord"
200041960,"CC Pévèle-Carembault","59","Nord"
245901061,"CC de la Haute Deûle","59","Nord"
200043321,"CC du Pays de Mormal","59","Nord"
200044618,"CA du Douaisis [c.A.D.]","59","Nord"
245901152,"CC Coeur d'Ostrevent [c.C.C.O.]","59","Nord"
245900410,"Métropole Européenne de Lille","59","Nord"
200043404,"CC du Sud Avesnois","59","Nord"
245901160,"CA Valenciennes Métropole","59","Nord"
245900428,"CU de Dunkerque","59","Nord"
200040947,"CC de Flandre Intérieure","59","Nord"
200043263,"CC Coeur de l'Avesnois","59","Nord"
200030633,"CC du Caudrésis et du Catésis","59","Nord"
200040954,"CC des Hauts de Flandre","59","Nord"
245901038,"CC du Pays Solesmois","59","Nord"
245900758,"CC Flandre Lys","59","Nord"
246000848,"CC de la Picardie Verte","60","Oise"
200067973,"CC Thelloise","60","Oise"
200068005,"CC de l'Oise Picarde","60","Oise"
246000871,"CC du Pays de Valois","60","Oise"
246000921,"CC des Pays d'Oise et d'halatte","60","Oise"
246000376,"CC du Clermontois","60","Oise"
246000566,"CC du Plateau Picard","60","Oise"
200067999,"CA du Beauvaisis","60","Oise"
246000582,"CC des Sablons","60","Oise"
246000855,"CC du Pays des Sources","60","Oise"
246000756,"CC du Pays Noyonnais","60","Oise"
246000764,"CC de l'Aire Cantilienne","60","Oise"
200067965,"CA de la Région de Compiègne et de la Basse Automne","60","Oise"
246000897,"CC de la Plaine d'Estrées","60","Oise"
246000749,"CC des Lisières de l'Oise","60","Oise"
200066975,"CC Senlis Sud Oise","60","Oise"
246000707,"CC du Vexin-Thelle","60","Oise"
246000129,"CC du Liancourtois","60","Oise"
246000772,"CC des Deux Vallées","60","Oise"
246000913,"CC du Pays de Bray","60","Oise"
200071843,"CC du Vexin Normand","60","Oise"
200068047,"CA Creil Sud Oise","60","Oise"
246100663,"CU d'Alençon","61","Orne"
200035111,"CC des Sources de l'Orne","61","Orne"
200068468,"CC des Pays de l'Aigle","61","Orne"
200035814,"CA Flers Agglo","61","Orne"
200071504,"CC des Collines du Perche Normand","61","Orne"
200068450,"CC Argentan Intercom","61","Orne"
200069458,"CC des Vallées d'Auge et du Merlerault","61","Orne"
200035103,"CC de la Vallée de la Haute Sarthe","61","Orne"
200068856,"CC des Hauts du Perche","61","Orne"
200071520,"CC Domfront Tinchebray Interco","61","Orne"
200068443,"CC Andaine - Passais","61","Orne"
246100390,"CC du Val d'Orne","61","Orne"
200036069,"CC du Pays de Mortagne Au Perche","61","Orne"
200071652,"CC du Pays Fertois et du Bocage Carrougien","61","Orne"
200068435,"CC Coeur du Perche","61","Orne"
200072676,"CC Maine Saosnois","61","Orne"
246200364,"CA de Lens - Liévin","62","Pas-de-Calais"
200035442,"CC du Sud-Artois","62","Pas-de-Calais"
200033579,"CU d'Arras","62","Pas-de-Calais"
246201016,"CC du Pays de Lumbres","62","Pas-de-Calais"
200069482,"CC des Campagnes de l'Artois","62","Pas-de-Calais"
200069037,"CA du Pays de Saint-Omer","62","Pas-de-Calais"
200069029,"CA des Deux Baies en Montreuillois","62","Pas-de-Calais"
200069235,"CC du Haut Pays du Montreuillois","62","Pas-de-Calais"
200044030,"CC des 7 Vallées","62","Pas-de-Calais"
200072478,"CC Pays d'Opale","62","Pas-de-Calais"
200018083,"CC de Desvres-Samer","62","Pas-de-Calais"
200072460,"CA de Béthune-Bruay, Artois-Lys Romane","62","Pas-de-Calais"
246200380,"CC de la Terre des Deux Caps","62","Pas-de-Calais"
200069672,"CC du Ternois","62","Pas-de-Calais"
200044048,"CC Osartis Marquion","62","Pas-de-Calais"
246201149,"CA du Calaisis","62","Pas-de-Calais"
246200844,"CC de la Région d'Audruicq","62","Pas-de-Calais"
246200729,"CA du Boulonnais","62","Pas-de-Calais"
246200299,"CA d'hénin-Carvin","62","Pas-de-Calais"
245900758,"CC Flandre Lys","62","Pas-de-Calais"
200071199,"CC Plaine Limagne","63","Puy-de-Dôme"
200070761,"CC Ambert Livradois Forez","63","Puy-de-Dôme"
200072098,"CC Combrailles Sioule et Morge","63","Puy-de-Dôme"
200070407,"CA Agglo Pays d'Issoire","63","Puy-de-Dôme"
200070712,"CC Thiers Dore et Montagne","63","Puy-de-Dôme"
200072080,"CC du Pays de Saint-Eloy","63","Puy-de-Dôme"
246300701,"Clermont Auvergne Métropole","63","Puy-de-Dôme"
200069169,"CC Dômes Sancy Artense","63","Puy-de-Dôme"
200069177,"CC Mond'arverne Communauté","63","Puy-de-Dôme"
200067627,"CC Billom Communauté","63","Puy-de-Dôme"
246300966,"CC du Massif du Sancy","63","Puy-de-Dôme"
246301097,"CC Entre Dore et Allier","63","Puy-de-Dôme"
200071215,"CC Chavanon Combrailles et Volcans","63","Puy-de-Dôme"
200070753,"CA Riom Limagne et Volcans","63","Puy-de-Dôme"
200067296,"CC du Nord Est Béarn","64","Pyrénées-Atlantiques"
200039204,"CC de Lacq-Orthez","64","Pyrénées-Atlantiques"
200067288,"CC du Béarn des Gaves","64","Pyrénées-Atlantiques"
200067262,"CC du Haut Béarn","64","Pyrénées-Atlantiques"
200067106,"CA du Pays Basque","64","Pyrénées-Atlantiques"
246401756,"CC Pays de Nay","64","Pyrénées-Atlantiques"
200067254,"CA Pau Béarn Pyrénées","64","Pyrénées-Atlantiques"
200067239,"CC des Luys en Béarn","64","Pyrénées-Atlantiques"
246400337,"CC de la Vallée d'Ossau","64","Pyrénées-Atlantiques"
200072106,"CC Adour Madiran","64","Pyrénées-Atlantiques"
200070811,"CC Pyrénées Vallées des Gaves","65","Hautes-Pyrénées"
200069300,"CA Tarbes-Lourdes-Pyrénées","65","Hautes-Pyrénées"
246500573,"CC Aure Louron","65","Hautes-Pyrénées"
200072106,"CC Adour Madiran","65","Hautes-Pyrénées"
200070829,"CC Neste Barousse","65","Hautes-Pyrénées"
200070795,"CC du Pays de Trie et du Magnoac","65","Hautes-Pyrénées"
246500482,"CC de la Haute-Bigorre","65","Hautes-Pyrénées"
246401756,"CC Pays de Nay","65","Hautes-Pyrénées"
200070787,"CC du Plateau de Lannemezan","65","Hautes-Pyrénées"
200070803,"CC des Coteaux du Val d'Arros","65","Hautes-Pyrénées"
246600373,"CC du Vallespir","66","Pyrénées-Orientales"
246600282,"CC Sud-Roussillon","66","Pyrénées-Orientales"
246600548,"CC du Haut Vallespir","66","Pyrénées-Orientales"
246600464,"CC Pyrénées Catalanes","66","Pyrénées-Orientales"
246600399,"CC Pyrénées Cerdagne","66","Pyrénées-Orientales"
246600423,"CC Agly Fenouillèdes","66","Pyrénées-Orientales"
200049211,"CC Conflent-Canigó","66","Pyrénées-Orientales"
200043602,"CC des Albères, de la Côte Vermeille et de l'Illibéris","66","Pyrénées-Orientales"
200027183,"CU Perpignan Méditerranée Métropole","66","Pyrénées-Orientales"
246600449,"CC des Aspres","66","Pyrénées-Orientales"
246600415,"CC Roussillon-Conflent","66","Pyrénées-Orientales"
200070365,"CC Corbières Salanque Méditerranée","66","Pyrénées-Orientales"
246700488,"Eurométropole de Strasbourg","67","Bas-Rhin"
200067841,"CC de l'Alsace Bossue","67","Bas-Rhin"
246700777,"CC de la Vallée de Villé","67","Bas-Rhin"
200068112,"CC du Pays de Saverne","67","Bas-Rhin"
246700959,"CC du Pays de la Zorn","67","Bas-Rhin"
246701064,"CC de la Région de Molsheim-Mutzig","67","Bas-Rhin"
200034270,"CC du Pays de Barr","67","Bas-Rhin"
200030526,"CC du Ried de Marckolsheim","67","Bas-Rhin"
200040178,"CC de l'Outre-Forêt","67","Bas-Rhin"
200041325,"CC du Pays Rhénan","67","Bas-Rhin"
200068864,"CC de la Mossig et du Vignoble","67","Bas-Rhin"
246700967,"CC de Sélestat","67","Bas-Rhin"
246700306,"CC de la Vallée de la Bruche","67","Bas-Rhin"
200067874,"CA de Haguenau","67","Bas-Rhin"
200041283,"CC de la Plaine du Rhin","67","Bas-Rhin"
200067924,"CC du Canton d'Erstein","67","Bas-Rhin"
246701080,"CC du Pays de Sainte-Odile","67","Bas-Rhin"
200034635,"CC du Kochersberg","67","Bas-Rhin"
200013050,"CC Sauer-Pechelbronn","67","Bas-Rhin"
246700843,"CC de la Basse-Zorn","67","Bas-Rhin"
200067783,"CC de Hanau- la Petite Pierre","67","Bas-Rhin"
246700744,"CC des Portes de Rosheim","67","Bas-Rhin"
246700926,"CC du Pays de Wissembourg","67","Bas-Rhin"
246701098,"CC du Pays de Niederbronn-Les-Bains","67","Bas-Rhin"
200070746,"CA Sarreguemines Confluences","67","Bas-Rhin"
200066025,"CC Pays Rhin - Brisach","68","Haut-Rhin"
200066033,"CC Sud Alsace Largue","68","Haut-Rhin"
200066041,"CC Sundgau","68","Haut-Rhin"
246800551,"CC de la Vallée de Kaysersberg","68","Haut-Rhin"
246800726,"CA Colmar Agglomération","68","Haut-Rhin"
200036465,"CC Communauté de Communes de Thann-Cernay","68","Haut-Rhin"
200066058,"CA Saint-Louis Agglomération","68","Haut-Rhin"
246800577,"CC du Pays de Ribeauvillé","68","Haut-Rhin"
200066009,"CA Mulhouse Alsace Agglomération","68","Haut-Rhin"
246800569,"CC de la Région de Guebwiller","68","Haut-Rhin"
246800445,"CC du Centre du Haut-Rhin","68","Haut-Rhin"
246800585,"CC de la Vallée de Munster","68","Haut-Rhin"
246800676,"CC de la Vallée de la Doller et du Soultzbach","68","Haut-Rhin"
246800494,"CC du Pays de Rouffach, Vignobles et Châteaux","68","Haut-Rhin"
246800205,"CC de la Vallée de Saint-Amarin","68","Haut-Rhin"
200030526,"CC du Ried de Marckolsheim","68","Haut-Rhin"
246800395,"CC du Val d'Argent","68","Haut-Rhin"
200040566,"CA de l'Ouest Rhodanien","69","Rhône"
200067817,"CC Saône-Beaujolais","69","Rhône"
200046977,"Métropole de LYON","69","Rhône"
200040574,"CC Beaujolais Pierres Dorées","69","Rhône"
200077014,"CA Vienne Condrieu","69","Rhône"
246900625,"CC du Pays de l'Arbresle (Ccpa)","69","Rhône"
200040590,"CA Villefranche Beaujolais Saône","69","Rhône"
200066587,"CC des Monts du Lyonnais","69","Rhône"
246900757,"CC de la Vallée du Garon (Ccvg)","69","Rhône"
246900724,"CC des Vallons du Lyonnais (Ccvl)","69","Rhône"
246900740,"CC du Pays Mornantais (Copamo)","69","Rhône"
246900765,"CC du Pays de l'Ozon","69","Rhône"
246900575,"CC de l'Est Lyonnais (Ccel)","69","Rhône"
200041861,"CC du Triangle Vert","70","Haute-Saône"
200036150,"CC des Hauts du Val de Saône","70","Haute-Saône"
247000623,"CC des Quatre Rivières","70","Haute-Saône"
247000714,"CC du Pays de Villersexel","70","Haute-Saône"
200041721,"CC de la Haute Comté","70","Haute-Saône"
247000854,"CC de la Haute Vallée de l'Ognon","70","Haute-Saône"
200041879,"CC Terres de Saône","70","Haute-Saône"
247000664,"CC du Pays de Lure","70","Haute-Saône"
200036549,"CC Val de Gray","70","Haute-Saône"
247000011,"CA de Vesoul","70","Haute-Saône"
247000698,"CC des Monts de Gy","70","Haute-Saône"
247000367,"CC des Combes","70","Haute-Saône"
247000706,"CC du Pays Riolais","70","Haute-Saône"
200041853,"CC du Pays de Montbozon et du Chanois","70","Haute-Saône"
200041887,"CC du Val Marnaysien","70","Haute-Saône"
247000755,"CC du Pays de Luxeuil","70","Haute-Saône"
247000722,"CC du Pays d'héricourt","70","Haute-Saône"
247000821,"CC Rahin et Cherimont","70","Haute-Saône"
200070332,"CC du Pays de Chalindrey de Vannier Amance et de la Région de Bourbonne-Les-Bains","70","Haute-Saône"
200071538,"CC Terres de Bresse","71","Saône-et-Loire"
247100589,"CA le Grand Chalon","71","Saône-et-Loire"
200040038,"CC Saône Doubs Bresse","71","Saône-et-Loire"
200070548,"CC la Clayette Chauffailles en Brionnais","71","Saône-et-Loire"
200040293,"CC du Clunisois","71","Saône-et-Loire"
200070530,"CC du Grand Autunois Morvan","71","Saône-et-Loire"
247100639,"CC de Marcigny","71","Saône-et-Loire"
247100647,"CC Bresse Nord Intercom'","71","Saône-et-Loire"
200070308,"CA Mâconnais Beaujolais Agglomération","71","Saône-et-Loire"
200071884,"CC le Grand Charolais","71","Saône-et-Loire"
247103765,"CC Entre Saône et Grosne","71","Saône-et-Loire"
200042414,"CC Bresse Revermont 71","71","Saône-et-Loire"
247104094,"CC Sud Côte Chalonnaise","71","Saône-et-Loire"
200069698,"CC Mâconnais - Tournugeois","71","Saône-et-Loire"
247100290,"CU le Creusot Montceau-Les-Mines","71","Saône-et-Loire"
200070316,"CC Entre Arroux, Loire et Somme","71","Saône-et-Loire"
200071645,"CC Saint Cyr Mère Boitier Entre Charolais et Mâconnais","71","Saône-et-Loire"
200071579,"CC Bresse Louhannaise Intercom'","71","Saône-et-Loire"
247103864,"CC du Canton de Semur en Brionnais","71","Saône-et-Loire"
200006682,"CA Beaune, Côte et Sud - Communauté Beaune-Chagny-Nolay","71","Saône-et-Loire"
247200132,"CU le Mans Métropole","72","Sarthe"
200072676,"CC Maine Saosnois","72","Sarthe"
200040475,"CC Loué - Brûlon - Noyen","72","Sarthe"
200072700,"CC Haute Sarthe Alpes Mancelles","72","Sarthe"
246100663,"CU d'Alençon","72","Sarthe"
200072684,"CC le Gesnois Bilurien","72","Sarthe"
247200348,"CC du Pays Fléchois","72","Sarthe"
247200090,"CC de Sablé-Sur-Sarthe","72","Sarthe"
200073112,"CC Sud Sarthe","72","Sarthe"
247200686,"CC du Pays de l'huisne Sarthoise","72","Sarthe"
200068963,"CC Maine Coeur de Sarthe","72","Sarthe"
200070373,"CC Loir-Lucé-Bercé","72","Sarthe"
200072692,"CC des Vallées de la Braye et de l'Anille","72","Sarthe"
200072718,"CC de la Champagne Conlinoise et du Pays de Sillé","72","Sarthe"
247200421,"CC du Sud Est du Pays Manceau","72","Sarthe"
247200629,"CC du Val de Sarthe","72","Sarthe"
247200447,"CC Orée de Bercé - Belinois","72","Sarthe"
247300668,"CC du Lac d'Aiguebelette (Ccla)","73","Savoie"
247300676,"CC Porte de Maurienne","73","Savoie"
247300015,"CC des Vallées d'Aigueblanche","73","Savoie"
200069110,"CA Chambéry Métropole-Coeur des Bauges","73","Savoie"
247300817,"CC les Versants d'Aime","73","Savoie"
200068674,"CA Grand Lac- Communauté d'Agglomération du Lac du Bourget","73","Savoie"
200068997,"CA Arlysère","73","Savoie"
200070464,"CC Coeur de Maurienne Arvan","73","Savoie"
200040798,"CC Val Vanoise","73","Savoie"
200041010,"CC Coeur de Savoie","73","Savoie"
200070340,"CC Haute Maurienne Vanoise","73","Savoie"
247300528,"CC Val Guiers","73","Savoie"
247300262,"CC de Yenne","73","Savoie"
200040111,"CC Coeur de Chartreuse","73","Savoie"
247300254,"CC de Haute-Tarentaise","73","Savoie"
247300361,"CC du Canton de la Chambre","73","Savoie"
200023299,"CC Coeur de Tarentaise","73","Savoie"
247300452,"CC Maurienne Galibier","73","Savoie"
200071967,"CC Pays d'Evian Vallée d'Abondance","74","Haute-Savoie"
200066793,"CA du Grand Annecy","74","Haute-Savoie"
247400617,"CC des Vallées de Thônes","74","Haute-Savoie"
200067551,"CA Thonon Agglomération","74","Haute-Savoie"
247400112,"CC du Pays de Cruseilles","74","Haute-Savoie"
247400724,"CC du Pays Rochois","74","Haute-Savoie"
200011773,"CA Annemasse- les Voirons-Agglomération","74","Haute-Savoie"
200033116,"CC Cluses-Arve et Montagnes","74","Haute-Savoie"
247400583,"CC Arve et Salève","74","Haute-Savoie"
247400690,"CC du Genevois","74","Haute-Savoie"
200000172,"CC Faucigny-Glières","74","Haute-Savoie"
247400567,"CC Fier et Usses","74","Haute-Savoie"
200070852,"CC Usses et Rhône","74","Haute-Savoie"
247400682,"CC du Haut-Chablais","74","Haute-Savoie"
247400740,"CC Rumilly Terre de Savoie","74","Haute-Savoie"
247400047,"CC de la Vallée Verte","74","Haute-Savoie"
200023372,"CC de la Vallée de Chamonix-Mont-Blanc","74","Haute-Savoie"
200034098,"CC des Montagnes du Giffre","74","Haute-Savoie"
247400773,"CC des Sources du Lac d'Annecy","74","Haute-Savoie"
200034882,"CC Pays du Mont-Blanc","74","Haute-Savoie"
247400666,"CC des Quatre Rivières","74","Haute-Savoie"
200054781,"Métropole du Grand Paris","75","Paris"
247600620,"CC de la Région d'Yvetot","76","Seine-Maritime"
200010700,"CA Caux Seine Agglo","76","Seine-Maritime"
200068534,"CC Terroir de Caux","76","Seine-Maritime"
200023414,"Métropole Rouen Normandie","76","Seine-Maritime"
200069847,"CC Plateau de Caux-Doudeville-Yerville","76","Seine-Maritime"
200070449,"CC Inter-Caux-Vexin","76","Seine-Maritime"
247600786,"CA de la Région Dieppoise","76","Seine-Maritime"
200069839,"CC de la Côte d'Albâtre","76","Seine-Maritime"
200069821,"CA Fécamp Caux Littoral Agglomération","76","Seine-Maritime"
247600505,"CC Campagne-De-Caux","76","Seine-Maritime"
247600497,"CC du Canton de Criquetot-l'esneval","76","Seine-Maritime"
200070068,"CC Communauté Bray-Eawy","76","Seine-Maritime"
200069730,"CC des 4 Rivières","76","Seine-Maritime"
247600729,"CC Falaises du Talou","76","Seine-Maritime"
200069722,"CC Interrégionale Aumale - Blangy-Sur-Bresle","76","Seine-Maritime"
247600604,"CC de Londinières","76","Seine-Maritime"
247600646,"CC Caux - Austreberthe","76","Seine-Maritime"
247600588,"CC des Villes Soeurs","76","Seine-Maritime"
247600596,"CA Havraise (Co.D.A.H.)","76","Seine-Maritime"
247600539,"CC Caux Estuaire","76","Seine-Maritime"
200066405,"CC Roumois Seine","76","Seine-Maritime"
200072346,"CA du Pays de Fontainebleau","77","Seine-et-Marne"
200077055,"CA Coulommiers Pays de Brie","77","Seine-et-Marne"
200023240,"CC Pays de Nemours","77","Seine-et-Marne"
200070779,"CC Brie des Rivières et Châteaux","77","Seine-et-Marne"
200033090,"CC Plaines et Monts de France","77","Seine-et-Marne"
247700065,"CC du Pays de l'Ourcq","77","Seine-et-Marne"
200023919,"CC Gâtinais Val de Loing","77","Seine-et-Marne"
247700701,"CC Brie Nangissienne","77","Seine-et-Marne"
200037133,"CC du Provinois","77","Seine-et-Marne"
200040251,"CC Bassée-Montois","77","Seine-et-Marne"
247700339,"CA Val d'Europe Agglomération","77","Seine-et-Marne"
247700107,"CC Pays de Montereau","77","Seine-et-Marne"
200072130,"CA du Pays de Meaux","77","Seine-et-Marne"
200072544,"CC des Deux Morin","77","Seine-et-Marne"
200072874,"CC Val Briard","77","Seine-et-Marne"
247700057,"CA Melun Val de Seine","77","Seine-et-Marne"
247700438,"CC Pays Créçois","77","Seine-et-Marne"
247700644,"CC l'Orée de la Brie","77","Seine-et-Marne"
200057958,"CA Paris - Vallée de la Marne","77","Seine-et-Marne"
247700594,"CA Marne et Gondoire","77","Seine-et-Marne"
200059228,"CA Grand Paris Sud Seine Essonne Sénart","77","Seine-et-Marne"
247700032,"CC Moret Seine et Loing","77","Seine-et-Marne"
200055655,"CA Roissy Pays de France","77","Seine-et-Marne"
200023125,"CC les Portes Briardes Entre Villes et Forêts","77","Seine-et-Marne"
200073344,"CA Rambouillet Territoires","78","Yvelines"
200059889,"CU Grand Paris Seine et Oise","78","Yvelines"
247800550,"CC du Pays Houdanais (C.C.P.H.)","78","Yvelines"
200058519,"CA Saint Germain Boucles de Seine","78","Yvelines"
200034130,"CC Gally Mauldre","78","Yvelines"
247800618,"CC Coeur d'Yvelines","78","Yvelines"
247800584,"CA Versailles Grand Parc (C.A.V.G.P.)","78","Yvelines"
200071074,"CC les Portes de l'Ile de France","78","Yvelines"
200033173,"CC de la Haute Vallée de Chevreuse","78","Yvelines"
200058782,"CA de Saint Quentin en Yvelines","78","Yvelines"
249500109,"CA de Cergy-Pontoise","78","Yvelines"
200040244,"CA du Bocage Bressuirais","79","Deux-Sèvres"
200041333,"CC de Parthenay-Gâtine","79","Deux-Sèvres"
200041317,"CA du Niortais","79","Deux-Sèvres"
200069755,"CC Mellois en Poitou","79","Deux-Sèvres"
200041416,"CC Airvaudais-Val du Thouet","79","Deux-Sèvres"
200069748,"CC Val de Gâtine","79","Deux-Sèvres"
247900798,"CC du Thouarsais","79","Deux-Sèvres"
200041994,"CC Haut Val de Sèvre","79","Deux-Sèvres"
200070993,"CA de la Baie de Somme","80","Somme"
200070928,"CC Terre de Picardie","80","Somme"
248000747,"CC du Pays du Coquelicot","80","Somme"
200070944,"CC du Vimeu","80","Somme"
200070951,"CC du Territoire Nord Picardie","80","Somme"
200070936,"CC Ponthieu-Marquenterre","80","Somme"
200070969,"CC Avre Luce Noye","80","Somme"
200071223,"CC Nièvre et Somme","80","Somme"
200071181,"CC Somme Sud-Ouest","80","Somme"
200037059,"CC de la Haute Somme (Combles - Péronne - Roisel)","80","Somme"
247600588,"CC des Villes Soeurs","80","Somme"
248000531,"CA Amiens Métropole","80","Somme"
200070977,"CC du Grand Roye","80","Somme"
200070985,"CC de l'Est de la Somme","80","Somme"
248000499,"CC du Val de Somme","80","Somme"
200069722,"CC Interrégionale Aumale - Blangy-Sur-Bresle","80","Somme"
200069672,"CC du Ternois","80","Somme"
248100158,"CC du Sor et de l'Agout","81","Tarn"
248100430,"CA de Castres Mazamet","81","Tarn"
200034031,"CC des Monts d'Alban et du Villefranchois","81","Tarn"
248100737,"CA de l'Albigeois (C2a)","81","Tarn"
248100745,"CC Thoré Montagne Noire","81","Tarn"
200066124,"CA Gaillac-Graulhet","81","Tarn"
200040905,"CC Carmausin-Ségala","81","Tarn"
200034023,"CC Tarn-Agout","81","Tarn"
248100497,"CC Val 81","81","Tarn"
200066553,"CC des Monts de Lacaune et de la Montagne du Haut Languedoc","81","Tarn"
243100567,"CC Lauragais Revel Sorezois","81","Tarn"
200034049,"CC Centre Tarn","81","Tarn"
200066561,"CC Sidobre Vals et Plateaux","81","Tarn"
200034064,"CC du Cordais et du Causse (4 C)","81","Tarn"
200034056,"CC du Lautrécois et du Pays d'Agout","81","Tarn"
248200107,"CC du Quercy Rouergue et des Gorges de l'Aveyron","81","Tarn"
248200099,"CA Grand Montauban","82","Tarn-et-Garonne"
200066884,"CC Quercy Vert-Aveyron","82","Tarn-et-Garonne"
200066322,"CC Terres des Confluences","82","Tarn-et-Garonne"
248200065,"CC de la Lomagne Tarn-Et-Garonnaise","82","Tarn-et-Garonne"
200066652,"CC Grand Sud Tarn et Garonne","82","Tarn-et-Garonne"
248200057,"CC du Quercy Caussadais","82","Tarn-et-Garonne"
248200016,"CC des Deux Rives","82","Tarn-et-Garonne"
200067122,"CC Coteaux et Plaines du Pays Lafrançaisain","82","Tarn-et-Garonne"
200040418,"CC du Pays de Serres en Quercy","82","Tarn-et-Garonne"
248200107,"CC du Quercy Rouergue et des Gorges de l'Aveyron","82","Tarn-et-Garonne"
200035319,"CA Var Esterel Méditerranée (Cavem)","83","Var"
200040210,"CC Lacs et Gorges du Verdon","83","Var"
248300493,"CA Dracénoise","83","Var"
200040202,"CC Provence Verdon","83","Var"
200004802,"CC du Pays de Fayence","83","Var"
248300394,"CA Sud Sainte Baume","83","Var"
248300410,"CC de la Vallée du Gapeau","83","Var"
248300550,"CC Coeur du Var","83","Var"
200027100,"CC Méditerranée Porte des Maures","83","Var"
200068104,"CA de la Provence Verte","83","Var"
248300543,"Métropole Toulon-Provence-Méditerranée","83","Var"
200036077,"CC du Golfe de Saint-Tropez","83","Var"
200054807,"Métropole d'Aix-Marseille-Provence","83","Var"
200034700,"CA Durance-Lubéron-Verdon Agglomération","83","Var"
248400293,"CC des Sorgues du Comtat","84","Vaucluse"
248400285,"CC Territoriale Sud-Luberon","84","Vaucluse"
200040624,"CC Pays d'Apt-Luberon","84","Vaucluse"
248400053,"CA Ventoux-Comtat-Venaissin (Cove)","84","Vaucluse"
200035723,"CC Ventoux Sud","84","Vaucluse"
248400251,"CA du Grand Avignon (Coga)","84","Vaucluse"
200040442,"CA Luberon Monts de Vaucluse","84","Vaucluse"
200000628,"CC Rhône Lez Provence","84","Vaucluse"
248400335,"CC Vaison Ventoux","84","Vaucluse"
248400236,"CC du Pays Réuni d'Orange","84","Vaucluse"
248400160,"CC Aygues-Ouvèze en Provence (Ccaop)","84","Vaucluse"
248400319,"CC du Pays des Sorgues et des Monts de Vaucluse","84","Vaucluse"
200040681,"CC Enclave des Papes-Pays de Grignan","84","Vaucluse"
200054807,"Métropole d'Aix-Marseille-Provence","84","Vaucluse"
200073260,"CC Sud Vendée Littoral","85","Vendée"
200023778,"CC du Pays de St Gilles-Croix-De-Vie","85","Vendée"
200072882,"CC de Vie et Boulogne","85","Vendée"
200071900,"CC Vendée Grand Littoral","85","Vendée"
248500415,"CC du Pays de la Châtaigneraie","85","Vendée"
248500589,"CA la Roche Sur Yon - Agglomération","85","Vendée"
200071934,"CC Pays de Fontenay-Vendée","85","Vendée"
248500191,"CC de l'Ile de Noirmoutier","85","Vendée"
248500258,"CC Océan Marais de Monts","85","Vendée"
200071918,"CC du Pays de Saint-Fulgent - les Essarts","85","Vendée"
248500530,"CC du Pays des Achards","85","Vendée"
248500621,"CC du Pays des Herbiers","85","Vendée"
200071629,"CC Challans-Gois Communauté","85","Vendée"
248500563,"CC Vendée, Sèvre, Autise","85","Vendée"
200070233,"CC Terres de Montaigu, Cc Montaigu-Rocheservière","85","Vendée"
248500464,"CC du Pays de Pouzauges","85","Vendée"
248500340,"CC Pays de Chantonnay","85","Vendée"
248500662,"CC du Pays de Mortagne","85","Vendée"
200071165,"CA les Sables d'Olonne Agglomération","85","Vendée"
NA,"#N/A","85","Vendée"
200070043,"CC Vienne et Gartempe","86","Vienne"
200069763,"CC du Haut-Poitou","86","Vienne"
200070035,"CC du Civraisien en Poitou","86","Vienne"
248600413,"CA Grand Châtellerault","86","Vienne"
248600447,"CC du Pays Loudunais","86","Vienne"
200043628,"CC des Vallées du Clain","86","Vienne"
200069854,"CU du Grand Poitiers","86","Vienne"
248719288,"CC du Val de Vienne","87","Haute-Vienne"
200066512,"CC Elan Limousin Avenir Nature","87","Haute-Vienne"
200071942,"CC Haut Limousin en Marche","87","Haute-Vienne"
248719353,"CC des Portes de Vassivière","87","Haute-Vienne"
248719312,"CA Limoges Métropole","87","Haute-Vienne"
248719262,"CC Gartempe - Saint Pardoux","87","Haute-Vienne"
200070506,"CC Pays de Nexon Monts de Chalus","87","Haute-Vienne"
200059400,"CC Porte Océane du Limousin","87","Haute-Vienne"
248700189,"CC du Pays de Saint Yrieix","87","Haute-Vienne"
200066520,"CC Ouest Limousin","87","Haute-Vienne"
248719361,"CC de Noblat","87","Haute-Vienne"
200040814,"CC Briance Sud Haute Vienne","87","Haute-Vienne"
248719338,"CC Briance Combade","87","Haute-Vienne"
200068369,"CC de Mirecourt Dompaire","88","Vosges"
200068682,"CC Terre d'Eau","88","Vosges"
200068773,"CC des Vosges Côté Sud Ouest","88","Vosges"
200071066,"CA de Saint-Dié-Des-Vosges","88","Vosges"
200005957,"CC de la Région de Rambervillers","88","Vosges"
200068559,"CC de l'Ouest Vosgien","88","Vosges"
200068757,"CA d'Epinal","88","Vosges"
200071157,"CC des Hautes Vosges","88","Vosges"
200042000,"CC Bruyères-Vallons des Vosges","88","Vosges"
200033868,"CC des Ballons des Hautes-Vosges","88","Vosges"
200068377,"CC de la Porte des Vosges Méridionales","88","Vosges"
245400510,"CC du Pays de Colombey et du Sud Toulois","88","Vosges"
200067080,"CC Chablis Villages et Terroirs","89","Yonne"
248900524,"CC de l'Aillantais","89","Yonne"
200039642,"CC le Tonnerrois en Bourgogne","89","Yonne"
200067130,"CC de Puisaye-Forterre","89","Yonne"
200039709,"CC du Serein","89","Yonne"
200039758,"CC Avallon, Vézelay, Morvan","89","Yonne"
200067114,"CA de l'Auxerrois","89","Yonne"
248900664,"CC de la Vanne et du Pays d'Othe","89","Yonne"
248900334,"CA du Grand Sénonais","89","Yonne"
248900383,"CC de l'Agglomération Migennoise","89","Yonne"
200067304,"CC Serein et Armance","89","Yonne"
248900748,"CC du Gâtinais en Bourgogne","89","Yonne"
248900938,"CC du Jovinien","89","Yonne"
248900896,"CC Yonne Nord","89","Yonne"
200067429,"CC Haut Nivernais-Val d'Yonne","89","Yonne"
200067668,"CC de la Cléry, du Betz et de l'Ouanne","89","Yonne"
200069052,"CA Grand Belfort","90","Territoire de Belfort"
200069060,"CC des Vosges du Sud","90","Territoire de Belfort"
249000241,"CC du Sud Territoire","90","Territoire de Belfort"
200017846,"CA Etampois Sud Essonne","91","Essonne"
249100074,"CC du Pays de Limours (Ccpl)","91","Essonne"
200057859,"CA Coeur d'Essonne Agglomération","91","Essonne"
200054781,"Métropole du Grand Paris","91","Essonne"
249100546,"CC du Val d'Essonne (Ccve)","91","Essonne"
249100553,"CC Entre Juine et Renarde (Ccejr)","91","Essonne"
200056232,"CA Communauté Paris-Saclay","91","Essonne"
247800584,"CA Versailles Grand Parc (C.A.V.G.P.)","91","Essonne"
249100157,"CC des 2 Vallées","91","Essonne"
200059228,"CA Grand Paris Sud Seine Essonne Sénart","91","Essonne"
200058477,"CA Val d'Yerres Val de Seine","91","Essonne"
249100595,"CC le Dourdannais en Hurepoix (Ccdh)","91","Essonne"
247700644,"CC l'Orée de la Brie","91","Essonne"
200054781,"Métropole du Grand Paris","92","Hauts-de-Seine"
200054781,"Métropole du Grand Paris","93","Seine-Saint-Denis"
200054781,"Métropole du Grand Paris","94","Val-de-Marne"
200035970,"CC Vexin Centre","95","Val-d'Oise"
249500513,"CC du Vexin-Val de Seine","95","Val-d'Oise"
200056380,"CA Plaine Vallée","95","Val-d'Oise"
200054781,"Métropole du Grand Paris","95","Val-d'Oise"
200055655,"CA Roissy Pays de France","95","Val-d'Oise"
249500430,"CC Sausseron Impressionnistes","95","Val-d'Oise"
200073013,"CC Carnelle Pays-De-France","95","Val-d'Oise"
200058485,"CA Val Parisis","95","Val-d'Oise"
249500489,"CC du Haut Val d'Oise","95","Val-d'Oise"
249500455,"CC de la Vallée de l'Oise et des Trois Forêts","95","Val-d'Oise"
200058519,"CA Saint Germain Boucles de Seine","95","Val-d'Oise"
249500109,"CA de Cergy-Pontoise","95","Val-d'Oise"
200018653,"CA Cap Excellence","971","Guadeloupe"
200044691,"CA du Nord Grande Terre","971","Guadeloupe"
249710070,"CA Grand Sud Caraïbe","971","Guadeloupe"
249710047,"CC de Marie-Galante","971","Guadeloupe"
200041507,"CA la Riviéra du Levant","971","Guadeloupe"
249710062,"CA du Nord Basse-Terre","971","Guadeloupe"
200041788,"CA du Pays Nord Martinique","972","Martinique"
249720053,"CA de l'Espace Sud de la Martinique","972","Martinique"
249720061,"CA du Centre de la Martinique","972","Martinique"
249730052,"CC de l'Est Guyanais","973","Guyane"
249730045,"CA du Centre Littoral","973","Guyane"
200027548,"CC des Savanes","973","Guyane"
249730037,"CC de l'Ouest Guyanais","973","Guyane"
249740077,"CA Civis (Communauté Intercommunale des Villes Solidaires)","974","Réunion"
249740093,"CA Intercommunale de la Réunion Est (Cirest)","974","Réunion"
249740085,"CA du Sud","974","Réunion"
249740101,"CA Territoire de la Côte Ouest (Tco)","974","Réunion"
249740119,"CA Intercommunale du Nord de la Réunion (Cinor)","974","Réunion"
200060465,"CC du Nord de Mayotte","976","Mayotte"
200060473,"CC du Sud","976","Mayotte"
200059871,"CC du Centre-Ouest","976","Mayotte"
200060457,"CA de Dembeni / Mamoudzou","976","Mayotte"
200050532,"CC de Petite-Terre","976","Mayotte"
