"epci2018";"dep";"libdep";"IDlgdep"
200069193;"01";"Ain";"01 - Ain"
240100883;"01";"Ain";"01 - Ain"
200042497;"01";"Ain";"01 - Ain"
200040350;"01";"Ain";"01 - Ain"
200042935;"01";"Ain";"01 - Ain"
240100578;"01";"Ain";"01 - Ain"
200071371;"01";"Ain";"01 - Ain"
200071751;"01";"Ain";"01 - Ain"
240100610;"01";"Ain";"01 - Ain"
240100891;"01";"Ain";"01 - Ain"
200070555;"01";"Ain";"01 - Ain"
240100800;"01";"Ain";"01 - Ain"
200029999;"01";"Ain";"01 - Ain"
240100750;"01";"Ain";"01 - Ain"
200070118;"01";"Ain";"01 - Ain"
200071785;"02";"Aisne";"02 - Aisne"
240200477;"02";"Aisne";"02 - Aisne"
240200469;"02";"Aisne";"02 - Aisne"
240200576;"02";"Aisne";"02 - Aisne"
200071983;"02";"Aisne";"02 - Aisne"
240200592;"02";"Aisne";"02 - Aisne"
240200501;"02";"Aisne";"02 - Aisne"
200040426;"02";"Aisne";"02 - Aisne"
200071991;"02";"Aisne";"02 - Aisne"
240200519;"02";"Aisne";"02 - Aisne"
200071769;"02";"Aisne";"02 - Aisne"
200071892;"02";"Aisne";"02 - Aisne"
240200600;"02";"Aisne";"02 - Aisne"
240200634;"02";"Aisne";"02 - Aisne"
200072031;"02";"Aisne";"02 - Aisne"
200043495;"02";"Aisne";"02 - Aisne"
240200493;"02";"Aisne";"02 - Aisne"
240200444;"02";"Aisne";"02 - Aisne"
240200584;"02";"Aisne";"02 - Aisne"
200067213;"51";"Marne";"51 - Marne"
200071363;"03";"Allier";"03 - Allier"
200071496;"03";"Allier";"03 - Allier"
240300558;"03";"Allier";"03 - Allier"
240300491;"03";"Allier";"03 - Allier"
240300657;"03";"Allier";"03 - Allier"
200071082;"03";"Allier";"03 - Allier"
200071140;"03";"Allier";"03 - Allier"
240300566;"03";"Allier";"03 - Allier"
200071470;"03";"Allier";"03 - Allier"
200071389;"03";"Allier";"03 - Allier"
200071512;"03";"Allier";"03 - Allier"
200067437;"04";"Alpes-de-Haute-Provence";"04 - Alpes-de-Haute-Provence"
200034700;"04";"Alpes-de-Haute-Provence";"04 - Alpes-de-Haute-Provence"
200068625;"04";"Alpes-de-Haute-Provence";"04 - Alpes-de-Haute-Provence"
200071025;"04";"Alpes-de-Haute-Provence";"04 - Alpes-de-Haute-Provence"
200071033;"04";"Alpes-de-Haute-Provence";"04 - Alpes-de-Haute-Provence"
200072304;"04";"Alpes-de-Haute-Provence";"04 - Alpes-de-Haute-Provence"
240400440;"04";"Alpes-de-Haute-Provence";"04 - Alpes-de-Haute-Provence"
200067452;"05";"Hautes-Alpes";"05 - Hautes-Alpes"
200068096;"05";"Hautes-Alpes";"05 - Hautes-Alpes"
200068765;"05";"Hautes-Alpes";"05 - Hautes-Alpes"
240500462;"05";"Hautes-Alpes";"05 - Hautes-Alpes"
200067445;"05";"Hautes-Alpes";"05 - Hautes-Alpes"
200067320;"05";"Hautes-Alpes";"05 - Hautes-Alpes"
200067742;"05";"Hautes-Alpes";"05 - Hautes-Alpes"
200067825;"05";"Hautes-Alpes";"05 - Hautes-Alpes"
240500439;"05";"Hautes-Alpes";"05 - Hautes-Alpes"
200039931;"06";"Alpes-Maritimes";"06 - Alpes-Maritimes"
200039857;"06";"Alpes-Maritimes";"06 - Alpes-Maritimes"
240600585;"06";"Alpes-Maritimes";"06 - Alpes-Maritimes"
200030195;"06";"Alpes-Maritimes";"06 - Alpes-Maritimes"
240600551;"06";"Alpes-Maritimes";"06 - Alpes-Maritimes"
240600593;"06";"Alpes-Maritimes";"06 - Alpes-Maritimes"
200039915;"06";"Alpes-Maritimes";"06 - Alpes-Maritimes"
200041465;"07";"Ardèche";"07 - Ardèche"
200073245;"07";"Ardèche";"07 - Ardèche"
200071413;"07";"Ardèche";"07 - Ardèche"
200071405;"07";"Ardèche";"07 - Ardèche"
200041366;"07";"Ardèche";"07 - Ardèche"
200072015;"07";"Ardèche";"07 - Ardèche"
200039832;"07";"Ardèche";"07 - Ardèche"
200072007;"07";"Ardèche";"07 - Ardèche"
200039808;"07";"Ardèche";"07 - Ardèche"
200039824;"07";"Ardèche";"07 - Ardèche"
240700302;"07";"Ardèche";"07 - Ardèche"
240700815;"07";"Ardèche";"07 - Ardèche"
240700864;"07";"Ardèche";"07 - Ardèche"
240700617;"07";"Ardèche";"07 - Ardèche"
200016905;"07";"Ardèche";"07 - Ardèche"
240700716;"07";"Ardèche";"07 - Ardèche"
200043156;"08";"Ardennes";"08 - Ardennes"
200041630;"08";"Ardennes";"08 - Ardennes"
240800862;"08";"Ardennes";"08 - Ardennes"
240800920;"08";"Ardennes";"08 - Ardennes"
240800847;"08";"Ardennes";"08 - Ardennes"
240800821;"08";"Ardennes";"08 - Ardennes"
200041622;"08";"Ardennes";"08 - Ardennes"
200067759;"08";"Ardennes";"08 - Ardennes"
200067940;"09";"Ariège";"09 - Ariège"
200044469;"09";"Ariège";"09 - Ariège"
240900464;"09";"Ariège";"09 - Ariège"
200066363;"09";"Ariège";"09 - Ariège"
240900431;"09";"Ariège";"09 - Ariège"
200067791;"09";"Ariège";"09 - Ariège"
200066223;"09";"Ariège";"09 - Ariège"
200066231;"09";"Ariège";"09 - Ariège"
241000405;"10";"Aube";"10 - Aube"
241000447;"10";"Aube";"10 - Aube"
200071777;"10";"Aube";"10 - Aube"
200066892;"10";"Aube";"10 - Aube"
200069003;"10";"Aube";"10 - Aube"
200040137;"10";"Aube";"10 - Aube"
200069250;"10";"Aube";"10 - Aube"
241000223;"10";"Aube";"10 - Aube"
200071041;"10";"Aube";"10 - Aube"
241000488;"10";"Aube";"10 - Aube"
200006716;"10";"Aube";"10 - Aube"
200070126;"10";"Aube";"10 - Aube"
200000545;"10";"Aube";"10 - Aube"
200035715;"11";"Aude";"11 - Aude"
200035855;"11";"Aude";"11 - Aude"
200071926;"11";"Aude";"11 - Aude"
200035863;"11";"Aude";"11 - Aude"
241100593;"11";"Aude";"11 - Aude"
200043776;"11";"Aude";"11 - Aude"
200035707;"11";"Aude";"11 - Aude"
200042463;"11";"Aude";"11 - Aude"
241200658;"12";"Aveyron";"12 - Aveyron"
241200567;"12";"Aveyron";"12 - Aveyron"
241200674;"12";"Aveyron";"12 - Aveyron"
200067064;"12";"Aveyron";"12 - Aveyron"
200067171;"12";"Aveyron";"12 - Aveyron"
241200765;"12";"Aveyron";"12 - Aveyron"
200069383;"12";"Aveyron";"12 - Aveyron"
241200625;"12";"Aveyron";"12 - Aveyron"
200067163;"12";"Aveyron";"12 - Aveyron"
200068484;"12";"Aveyron";"12 - Aveyron"
241200542;"12";"Aveyron";"12 - Aveyron"
241200914;"12";"Aveyron";"12 - Aveyron"
241200187;"12";"Aveyron";"12 - Aveyron"
241200807;"12";"Aveyron";"12 - Aveyron"
241200906;"12";"Aveyron";"12 - Aveyron"
200067478;"12";"Aveyron";"12 - Aveyron"
200068831;"12";"Aveyron";"12 - Aveyron"
200067155;"12";"Aveyron";"12 - Aveyron"
241200641;"12";"Aveyron";"12 - Aveyron"
200054807;"13";"Bouches-du-Rhône";"13 - Bouches-du-Rhône"
241300417;"13";"Bouches-du-Rhône";"13 - Bouches-du-Rhône"
241300375;"13";"Bouches-du-Rhône";"13 - Bouches-du-Rhône"
200035087;"13";"Bouches-du-Rhône";"13 - Bouches-du-Rhône"
200066827;"14";"Calvados";"14 - Calvados"
200066710;"14";"Calvados";"14 - Calvados"
241400555;"14";"Calvados";"14 - Calvados"
200066801;"14";"Calvados";"14 - Calvados"
200065589;"14";"Calvados";"14 - Calvados"
200066728;"14";"Calvados";"14 - Calvados"
200069524;"14";"Calvados";"14 - Calvados"
200069516;"14";"Calvados";"14 - Calvados"
200065563;"14";"Calvados";"14 - Calvados"
241400860;"14";"Calvados";"14 - Calvados"
241400878;"14";"Calvados";"14 - Calvados"
241400514;"14";"Calvados";"14 - Calvados"
200069532;"14";"Calvados";"14 - Calvados"
200065597;"14";"Calvados";"14 - Calvados"
200068799;"14";"Calvados";"14 - Calvados"
241400415;"14";"Calvados";"14 - Calvados"
200066389;"50";"Manche";"50 - Manche"
200066637;"15";"Cantal";"15 - Cantal"
200066660;"15";"Cantal";"15 - Cantal"
241501139;"15";"Cantal";"15 - Cantal"
241501055;"15";"Cantal";"15 - Cantal"
241500255;"15";"Cantal";"15 - Cantal"
241500271;"15";"Cantal";"15 - Cantal"
200066678;"15";"Cantal";"15 - Cantal"
241500230;"15";"Cantal";"15 - Cantal"
241501089;"15";"Cantal";"15 - Cantal"
200072049;"16";"Charente";"16 - Charente"
200043016;"16";"Charente";"16 - Charente"
200068914;"16";"Charente";"16 - Charente"
200070282;"16";"Charente";"16 - Charente"
200072023;"16";"Charente";"16 - Charente"
200070514;"16";"Charente";"16 - Charente"
200029734;"16";"Charente";"16 - Charente"
200071827;"16";"Charente";"16 - Charente"
241600303;"16";"Charente";"16 - Charente"
200041523;"17";"Charente-Maritime";"17 - Charente-Maritime"
200041614;"17";"Charente-Maritime";"17 - Charente-Maritime"
200041762;"17";"Charente-Maritime";"17 - Charente-Maritime"
200041499;"17";"Charente-Maritime";"17 - Charente-Maritime"
241700434;"17";"Charente-Maritime";"17 - Charente-Maritime"
200041689;"17";"Charente-Maritime";"17 - Charente-Maritime"
241700640;"17";"Charente-Maritime";"17 - Charente-Maritime"
241700459;"17";"Charente-Maritime";"17 - Charente-Maritime"
241700517;"17";"Charente-Maritime";"17 - Charente-Maritime"
241700632;"17";"Charente-Maritime";"17 - Charente-Maritime"
241700699;"17";"Charente-Maritime";"17 - Charente-Maritime"
200036473;"17";"Charente-Maritime";"17 - Charente-Maritime"
241700624;"17";"Charente-Maritime";"17 - Charente-Maritime"
200066330;"18";"Cher";"18 - Cher"
200049484;"18";"Cher";"18 - Cher"
200070571;"18";"Cher";"18 - Cher"
241800507;"18";"Cher";"18 - Cher"
200011781;"18";"Cher";"18 - Cher"
200000933;"18";"Cher";"18 - Cher"
200032514;"18";"Cher";"18 - Cher"
200036135;"18";"Cher";"18 - Cher"
200069227;"18";"Cher";"18 - Cher"
241800432;"18";"Cher";"18 - Cher"
241800374;"18";"Cher";"18 - Cher"
241800424;"18";"Cher";"18 - Cher"
200007177;"18";"Cher";"18 - Cher"
200027076;"18";"Cher";"18 - Cher"
241800457;"18";"Cher";"18 - Cher"
200033207;"18";"Cher";"18 - Cher"
241800325;"18";"Cher";"18 - Cher"
200066645;"19";"Corrèze";"19 - Corrèze"
200066744;"19";"Corrèze";"19 - Corrèze"
200066769;"19";"Corrèze";"19 - Corrèze"
200066751;"19";"Corrèze";"19 - Corrèze"
200043172;"19";"Corrèze";"19 - Corrèze"
241927201;"19";"Corrèze";"19 - Corrèze"
200066603;"19";"Corrèze";"19 - Corrèze"
241900133;"19";"Corrèze";"19 - Corrèze"
241927243;"19";"Corrèze";"19 - Corrèze"
200070894;"21";"Côte-d'Or";"21 - Côte-d'Or"
200039055;"21";"Côte-d'Or";"21 - Côte-d'Or"
242100410;"21";"Côte-d'Or";"21 - Côte-d'Or"
242101434;"21";"Côte-d'Or";"21 - Côte-d'Or"
200000925;"21";"Côte-d'Or";"21 - Côte-d'Or"
200071017;"21";"Côte-d'Or";"21 - Côte-d'Or"
242101459;"21";"Côte-d'Or";"21 - Côte-d'Or"
200071173;"21";"Côte-d'Or";"21 - Côte-d'Or"
200006682;"21";"Côte-d'Or";"21 - Côte-d'Or"
200071207;"21";"Côte-d'Or";"21 - Côte-d'Or"
200072825;"21";"Côte-d'Or";"21 - Côte-d'Or"
200069540;"21";"Côte-d'Or";"21 - Côte-d'Or"
242101491;"21";"Côte-d'Or";"21 - Côte-d'Or"
200070902;"21";"Côte-d'Or";"21 - Côte-d'Or"
242101509;"21";"Côte-d'Or";"21 - Côte-d'Or"
242100154;"21";"Côte-d'Or";"21 - Côte-d'Or"
200070910;"21";"Côte-d'Or";"21 - Côte-d'Or"
200039063;"21";"Côte-d'Or";"21 - Côte-d'Or"
242101442;"21";"Côte-d'Or";"21 - Côte-d'Or"
200067460;"22";"Côtes-d'Armor";"22 - Côtes-d'Armor"
200069391;"22";"Côtes-d'Armor";"22 - Côtes-d'Armor"
200068989;"22";"Côtes-d'Armor";"22 - Côtes-d'Armor"
200067981;"22";"Côtes-d'Armor";"22 - Côtes-d'Armor"
200065928;"22";"Côtes-d'Armor";"22 - Côtes-d'Armor"
200069409;"22";"Côtes-d'Armor";"22 - Côtes-d'Armor"
200069086;"22";"Côtes-d'Armor";"22 - Côtes-d'Armor"
242200715;"22";"Côtes-d'Armor";"22 - Côtes-d'Armor"
200067189;"23";"Creuse";"23 - Creuse"
200034825;"23";"Creuse";"23 - Creuse"
200044014;"23";"Creuse";"23 - Creuse"
200067593;"23";"Creuse";"23 - Creuse"
200067510;"23";"Creuse";"23 - Creuse"
200067544;"23";"Creuse";"23 - Creuse"
200041556;"23";"Creuse";"23 - Creuse"
200071819;"24";"Dordogne";"24 - Dordogne"
200040392;"24";"Dordogne";"24 - Dordogne"
200041150;"24";"Dordogne";"24 - Dordogne"
200034833;"24";"Dordogne";"24 - Dordogne"
200041051;"24";"Dordogne";"24 - Dordogne"
200040400;"24";"Dordogne";"24 - Dordogne"
242401024;"24";"Dordogne";"24 - Dordogne"
200040830;"24";"Dordogne";"24 - Dordogne"
200041168;"24";"Dordogne";"24 - Dordogne"
200040889;"24";"Dordogne";"24 - Dordogne"
200069094;"24";"Dordogne";"24 - Dordogne"
200040095;"24";"Dordogne";"24 - Dordogne"
200041572;"24";"Dordogne";"24 - Dordogne"
200070647;"24";"Dordogne";"24 - Dordogne"
200041440;"24";"Dordogne";"24 - Dordogne"
200027217;"24";"Dordogne";"24 - Dordogne"
200034197;"24";"Dordogne";"24 - Dordogne"
242400752;"24";"Dordogne";"24 - Dordogne"
242400935;"24";"Dordogne";"24 - Dordogne"
200040384;"24";"Dordogne";"24 - Dordogne"
200068070;"25";"Doubs";"25 - Doubs"
200068294;"25";"Doubs";"25 - Doubs"
200065647;"25";"Doubs";"25 - Doubs"
242504447;"25";"Doubs";"25 - Doubs"
242504181;"25";"Doubs";"25 - Doubs"
242500320;"25";"Doubs";"25 - Doubs"
242500361;"25";"Doubs";"25 - Doubs"
242504488;"25";"Doubs";"25 - Doubs"
242504496;"25";"Doubs";"25 - Doubs"
242504355;"25";"Doubs";"25 - Doubs"
200023075;"25";"Doubs";"25 - Doubs"
242504116;"25";"Doubs";"25 - Doubs"
242504371;"25";"Doubs";"25 - Doubs"
200069565;"25";"Doubs";"25 - Doubs"
242500338;"25";"Doubs";"25 - Doubs"
242600534;"26";"Drôme";"26 - Drôme"
200040491;"26";"Drôme";"26 - Drôme"
242600492;"26";"Drôme";"26 - Drôme"
200068781;"26";"Drôme";"26 - Drôme"
200040459;"26";"Drôme";"26 - Drôme"
242600252;"26";"Drôme";"26 - Drôme"
200040509;"26";"Drôme";"26 - Drôme"
200068229;"26";"Drôme";"26 - Drôme"
200073096;"26";"Drôme";"26 - Drôme"
200042901;"26";"Drôme";"26 - Drôme"
200067767;"26";"Drôme";"26 - Drôme"
200066413;"27";"Eure";"27 - Eure"
200071454;"27";"Eure";"27 - Eure"
200035665;"27";"Eure";"27 - Eure"
200072312;"27";"Eure";"27 - Eure"
242700623;"27";"Eure";"27 - Eure"
200066405;"27";"Eure";"27 - Eure"
200066462;"27";"Eure";"27 - Eure"
200071843;"27";"Eure";"27 - Eure"
200070142;"27";"Eure";"27 - Eure"
200065787;"27";"Eure";"27 - Eure"
200066017;"27";"Eure";"27 - Eure"
242700276;"27";"Eure";"27 - Eure"
242700607;"27";"Eure";"27 - Eure"
200040277;"28";"Eure-et-Loir";"28 - Eure-et-Loir"
200070159;"28";"Eure-et-Loir";"28 - Eure-et-Loir"
200033181;"28";"Eure-et-Loir";"28 - Eure-et-Loir"
242852465;"28";"Eure-et-Loir";"28 - Eure-et-Loir"
200006971;"28";"Eure-et-Loir";"28 - Eure-et-Loir"
200069961;"28";"Eure-et-Loir";"28 - Eure-et-Loir"
200069953;"28";"Eure-et-Loir";"28 - Eure-et-Loir"
200058360;"28";"Eure-et-Loir";"28 - Eure-et-Loir"
200070167;"28";"Eure-et-Loir";"28 - Eure-et-Loir"
200069912;"28";"Eure-et-Loir";"28 - Eure-et-Loir"
200066868;"29";"Finistère";"29 - Finistère"
242900694;"29";"Finistère";"29 - Finistère"
242900629;"29";"Finistère";"29 - Finistère"
242900660;"29";"Finistère";"29 - Finistère"
200067197;"29";"Finistère";"29 - Finistère"
242900751;"29";"Finistère";"29 - Finistère"
242900314;"29";"Finistère";"29 - Finistère"
242900835;"29";"Finistère";"29 - Finistère"
242900553;"29";"Finistère";"29 - Finistère"
242900074;"29";"Finistère";"29 - Finistère"
200068120;"29";"Finistère";"29 - Finistère"
242900793;"29";"Finistère";"29 - Finistère"
242900744;"29";"Finistère";"29 - Finistère"
200067247;"29";"Finistère";"29 - Finistère"
242900561;"29";"Finistère";"29 - Finistère"
200067072;"29";"Finistère";"29 - Finistère"
242900702;"29";"Finistère";"29 - Finistère"
242900769;"29";"Finistère";"29 - Finistère"
242900801;"29";"Finistère";"29 - Finistère"
242900645;"29";"Finistère";"29 - Finistère"
242900710;"29";"Finistère";"29 - Finistère"
242010056;"2A";"Corse-du-Sud";"2A - Corse-du-Sud"
200038958;"2A";"Corse-du-Sud";"2A - Corse-du-Sud"
242000495;"2A";"Corse-du-Sud";"2A - Corse-du-Sud"
200067049;"2A";"Corse-du-Sud";"2A - Corse-du-Sud"
242010130;"2A";"Corse-du-Sud";"2A - Corse-du-Sud"
242000503;"2A";"Corse-du-Sud";"2A - Corse-du-Sud"
200040764;"2A";"Corse-du-Sud";"2A - Corse-du-Sud"
200015162;"2B";"Haute-Corse";"2B - Haute-Corse"
200073138;"2B";"Haute-Corse";"2B - Haute-Corse"
242020105;"2B";"Haute-Corse";"2B - Haute-Corse"
200073120;"2B";"Haute-Corse";"2B - Haute-Corse"
200042943;"2B";"Haute-Corse";"2B - Haute-Corse"
242000354;"2B";"Haute-Corse";"2B - Haute-Corse"
200073104;"2B";"Haute-Corse";"2B - Haute-Corse"
200036499;"2B";"Haute-Corse";"2B - Haute-Corse"
200073252;"2B";"Haute-Corse";"2B - Haute-Corse"
242020071;"2B";"Haute-Corse";"2B - Haute-Corse"
200034205;"2B";"Haute-Corse";"2B - Haute-Corse"
200033827;"2B";"Haute-Corse";"2B - Haute-Corse"
200034379;"30";"Gard";"30 - Gard"
200034411;"30";"Gard";"30 - Gard"
243000650;"30";"Gard";"30 - Gard"
243000569;"30";"Gard";"30 - Gard"
200034692;"30";"Gard";"30 - Gard"
243000593;"30";"Gard";"30 - Gard"
200066918;"30";"Gard";"30 - Gard"
200035129;"30";"Gard";"30 - Gard"
243000270;"30";"Gard";"30 - Gard"
243000684;"30";"Gard";"30 - Gard"
243000296;"30";"Gard";"30 - Gard"
243000585;"30";"Gard";"30 - Gard"
243000643;"30";"Gard";"30 - Gard"
200034601;"30";"Gard";"30 - Gard"
200072643;"31";"Haute-Garonne";"31 - Haute-Garonne"
200071298;"31";"Haute-Garonne";"31 - Haute-Garonne"
243100518;"31";"Haute-Garonne";"31 - Haute-Garonne"
243100633;"31";"Haute-Garonne";"31 - Haute-Garonne"
200072635;"31";"Haute-Garonne";"31 - Haute-Garonne"
200073146;"31";"Haute-Garonne";"31 - Haute-Garonne"
200068807;"31";"Haute-Garonne";"31 - Haute-Garonne"
200066819;"31";"Haute-Garonne";"31 - Haute-Garonne"
243100732;"31";"Haute-Garonne";"31 - Haute-Garonne"
200068815;"31";"Haute-Garonne";"31 - Haute-Garonne"
243100567;"31";"Haute-Garonne";"31 - Haute-Garonne"
200071314;"31";"Haute-Garonne";"31 - Haute-Garonne"
243100773;"31";"Haute-Garonne";"31 - Haute-Garonne"
200068641;"31";"Haute-Garonne";"31 - Haute-Garonne"
200034957;"31";"Haute-Garonne";"31 - Haute-Garonne"
243100815;"31";"Haute-Garonne";"31 - Haute-Garonne"
243100781;"31";"Haute-Garonne";"31 - Haute-Garonne"
200035632;"32";"Gers";"32 - Gers"
200042372;"32";"Gers";"32 - Gers"
200066926;"32";"Gers";"32 - Gers"
243200409;"32";"Gers";"32 - Gers"
200034726;"32";"Gers";"32 - Gers"
243200508;"32";"Gers";"32 - Gers"
243200425;"32";"Gers";"32 - Gers"
200072320;"32";"Gers";"32 - Gers"
200023620;"32";"Gers";"32 - Gers"
200035756;"32";"Gers";"32 - Gers"
243200458;"32";"Gers";"32 - Gers"
243200607;"32";"Gers";"32 - Gers"
243200417;"32";"Gers";"32 - Gers"
243200391;"32";"Gers";"32 - Gers"
243200599;"32";"Gers";"32 - Gers"
200070092;"33";"Gironde";"33 - Gironde"
200044394;"33";"Gironde";"33 - Gironde"
243300316;"33";"Gironde";"33 - Gironde"
243301504;"33";"Gironde";"33 - Gironde"
243300811;"33";"Gironde";"33 - Gironde"
200069581;"33";"Gironde";"33 - Gironde"
200069599;"33";"Gironde";"33 - Gironde"
243300563;"33";"Gironde";"33 - Gironde"
243301447;"33";"Gironde";"33 - Gironde"
200035533;"33";"Gironde";"33 - Gironde"
243301397;"33";"Gironde";"33 - Gironde"
200043982;"33";"Gironde";"33 - Gironde"
243301223;"33";"Gironde";"33 - Gironde"
243301371;"33";"Gironde";"33 - Gironde"
243301389;"33";"Gironde";"33 - Gironde"
243301264;"33";"Gironde";"33 - Gironde"
200043974;"33";"Gironde";"33 - Gironde"
243301215;"33";"Gironde";"33 - Gironde"
243301405;"33";"Gironde";"33 - Gironde"
243301439;"33";"Gironde";"33 - Gironde"
200023794;"33";"Gironde";"33 - Gironde"
200069995;"33";"Gironde";"33 - Gironde"
243301249;"33";"Gironde";"33 - Gironde"
243301355;"33";"Gironde";"33 - Gironde"
243301454;"33";"Gironde";"33 - Gironde"
243301165;"33";"Gironde";"33 - Gironde"
200070720;"33";"Gironde";"33 - Gironde"
243301181;"33";"Gironde";"33 - Gironde"
200071058;"34";"Hérault";"34 - Hérault"
243400819;"34";"Hérault";"34 - Hérault"
200066348;"34";"Hérault";"34 - Hérault"
243400736;"34";"Hérault";"34 - Hérault"
200042646;"34";"Hérault";"34 - Hérault"
243400769;"34";"Hérault";"34 - Hérault"
243400694;"34";"Hérault";"34 - Hérault"
243400355;"34";"Hérault";"34 - Hérault"
200022986;"34";"Hérault";"34 - Hérault"
200042653;"34";"Hérault";"34 - Hérault"
243400017;"34";"Hérault";"34 - Hérault"
200066355;"34";"Hérault";"34 - Hérault"
243400520;"34";"Hérault";"34 - Hérault"
200017341;"34";"Hérault";"34 - Hérault"
243400470;"34";"Hérault";"34 - Hérault"
243400488;"34";"Hérault";"34 - Hérault"
243500139;"35";"Ille-et-Vilaine";"35 - Ille-et-Vilaine"
243500634;"35";"Ille-et-Vilaine";"35 - Ille-et-Vilaine"
243500667;"35";"Ille-et-Vilaine";"35 - Ille-et-Vilaine"
200070688;"35";"Ille-et-Vilaine";"35 - Ille-et-Vilaine"
200039022;"35";"Ille-et-Vilaine";"35 - Ille-et-Vilaine"
200070670;"35";"Ille-et-Vilaine";"35 - Ille-et-Vilaine"
200070662;"35";"Ille-et-Vilaine";"35 - Ille-et-Vilaine"
243500741;"35";"Ille-et-Vilaine";"35 - Ille-et-Vilaine"
200043990;"35";"Ille-et-Vilaine";"35 - Ille-et-Vilaine"
243500733;"35";"Ille-et-Vilaine";"35 - Ille-et-Vilaine"
200072452;"35";"Ille-et-Vilaine";"35 - Ille-et-Vilaine"
243500550;"35";"Ille-et-Vilaine";"35 - Ille-et-Vilaine"
200038990;"35";"Ille-et-Vilaine";"35 - Ille-et-Vilaine"
243500774;"35";"Ille-et-Vilaine";"35 - Ille-et-Vilaine"
243500618;"35";"Ille-et-Vilaine";"35 - Ille-et-Vilaine"
243500782;"35";"Ille-et-Vilaine";"35 - Ille-et-Vilaine"
243500659;"35";"Ille-et-Vilaine";"35 - Ille-et-Vilaine"
243500725;"35";"Ille-et-Vilaine";"35 - Ille-et-Vilaine"
200007052;"36";"Indre";"36 - Indre"
200068880;"36";"Indre";"36 - Indre"
243600202;"36";"Indre";"36 - Indre"
243600327;"36";"Indre";"36 - Indre"
200068872;"36";"Indre";"36 - Indre"
243600301;"36";"Indre";"36 - Indre"
200035848;"36";"Indre";"36 - Indre"
243600343;"36";"Indre";"36 - Indre"
243600293;"36";"Indre";"36 - Indre"
200035137;"36";"Indre";"36 - Indre"
243600350;"36";"Indre";"36 - Indre"
243600319;"36";"Indre";"36 - Indre"
243600236;"36";"Indre";"36 - Indre"
200018521;"36";"Indre";"36 - Indre"
200040558;"36";"Indre";"36 - Indre"
200071587;"37";"Indre-et-Loire";"37 - Indre-et-Loire"
200072981;"37";"Indre-et-Loire";"37 - Indre-et-Loire"
200043065;"37";"Indre-et-Loire";"37 - Indre-et-Loire"
200043081;"37";"Indre-et-Loire";"37 - Indre-et-Loire"
200072668;"37";"Indre-et-Loire";"37 - Indre-et-Loire"
200072650;"37";"Indre-et-Loire";"37 - Indre-et-Loire"
243700820;"37";"Indre-et-Loire";"37 - Indre-et-Loire"
243700499;"37";"Indre-et-Loire";"37 - Indre-et-Loire"
200073161;"37";"Indre-et-Loire";"37 - Indre-et-Loire"
243700754;"37";"Indre-et-Loire";"37 - Indre-et-Loire"
200073237;"37";"Indre-et-Loire";"37 - Indre-et-Loire"
200068567;"38";"Isère";"38 - Isère"
200018166;"38";"Isère";"38 - Isère"
243800778;"38";"Isère";"38 - Isère"
200070431;"38";"Isère";"38 - Isère"
243800745;"38";"Isère";"38 - Isère"
200040657;"38";"Isère";"38 - Isère"
200068542;"38";"Isère";"38 - Isère"
243800935;"38";"Isère";"38 - Isère"
243801073;"38";"Isère";"38 - Isère"
200059392;"38";"Isère";"38 - Isère"
243801024;"38";"Isère";"38 - Isère"
200030658;"38";"Isère";"38 - Isère"
243800844;"38";"Isère";"38 - Isère"
243800984;"38";"Isère";"38 - Isère"
243801255;"38";"Isère";"38 - Isère"
243800604;"38";"Isère";"38 - Isère"
200040715;"38";"Isère";"38 - Isère"
200077014;"38";"Isère";"38 - Isère"
200040111;"38";"Isère";"38 - Isère"
200010650;"39";"Jura";"39 - Jura"
200071595;"39";"Jura";"39 - Jura"
243901071;"39";"Jura";"39 - Jura"
200069623;"39";"Jura";"39 - Jura"
200012060;"39";"Jura";"39 - Jura"
243901089;"39";"Jura";"39 - Jura"
200069615;"39";"Jura";"39 - Jura"
200072056;"39";"Jura";"39 - Jura"
243900420;"39";"Jura";"39 - Jura"
200026573;"39";"Jura";"39 - Jura"
243900719;"39";"Jura";"39 - Jura"
243900560;"39";"Jura";"39 - Jura"
243900479;"39";"Jura";"39 - Jura"
243900354;"39";"Jura";"39 - Jura"
200071116;"39";"Jura";"39 - Jura"
243900412;"39";"Jura";"39 - Jura"
243900610;"39";"Jura";"39 - Jura"
200030435;"40";"Landes";"40 - Landes"
244000881;"40";"Landes";"40 - Landes"
244000675;"40";"Landes";"40 - Landes"
244000865;"40";"Landes";"40 - Landes"
200069649;"40";"Landes";"40 - Landes"
244000691;"40";"Landes";"40 - Landes"
200069656;"40";"Landes";"40 - Landes"
244000824;"40";"Landes";"40 - Landes"
244000774;"40";"Landes";"40 - Landes"
200035541;"40";"Landes";"40 - Landes"
244000766;"40";"Landes";"40 - Landes"
244000543;"40";"Landes";"40 - Landes"
200069631;"40";"Landes";"40 - Landes"
200069417;"40";"Landes";"40 - Landes"
244000808;"40";"Landes";"40 - Landes"
244000659;"40";"Landes";"40 - Landes"
244000873;"40";"Landes";"40 - Landes"
244000857;"40";"Landes";"40 - Landes"
200072072;"41";"Loir-et-Cher";"41 - Loir-et-Cher"
200072064;"41";"Loir-et-Cher";"41 - Loir-et-Cher"
244100293;"41";"Loir-et-Cher";"41 - Loir-et-Cher"
200055481;"41";"Loir-et-Cher";"41 - Loir-et-Cher"
200030385;"41";"Loir-et-Cher";"41 - Loir-et-Cher"
244100798;"41";"Loir-et-Cher";"41 - Loir-et-Cher"
200018406;"41";"Loir-et-Cher";"41 - Loir-et-Cher"
200040772;"41";"Loir-et-Cher";"41 - Loir-et-Cher"
200000800;"41";"Loir-et-Cher";"41 - Loir-et-Cher"
244100780;"41";"Loir-et-Cher";"41 - Loir-et-Cher"
244100806;"41";"Loir-et-Cher";"41 - Loir-et-Cher"
244200770;"42";"Loire";"42 - Loire"
200065886;"42";"Loire";"42 - Loire"
200035731;"42";"Loire";"42 - Loire"
244200614;"42";"Loire";"42 - Loire"
200035202;"42";"Loire";"42 - Loire"
200065894;"42";"Loire";"42 - Loire"
244200622;"42";"Loire";"42 - Loire"
244200895;"42";"Loire";"42 - Loire"
244200820;"42";"Loire";"42 - Loire"
244200630;"42";"Loire";"42 - Loire"
244301032;"43";"Haute-Loire";"43 - Haute-Loire"
200073419;"43";"Haute-Loire";"43 - Haute-Loire"
200073401;"43";"Haute-Loire";"43 - Haute-Loire"
244301123;"43";"Haute-Loire";"43 - Haute-Loire"
200073393;"43";"Haute-Loire";"43 - Haute-Loire"
244301016;"43";"Haute-Loire";"43 - Haute-Loire"
244301131;"43";"Haute-Loire";"43 - Haute-Loire"
244301099;"43";"Haute-Loire";"43 - Haute-Loire"
200073427;"43";"Haute-Loire";"43 - Haute-Loire"
244301107;"43";"Haute-Loire";"43 - Haute-Loire"
244300307;"43";"Haute-Loire";"43 - Haute-Loire"
244400537;"44";"Loire-Atlantique";"44 - Loire-Atlantique"
200067635;"44";"Loire-Atlantique";"44 - Loire-Atlantique"
244400552;"44";"Loire-Atlantique";"44 - Loire-Atlantique"
200067346;"44";"Loire-Atlantique";"44 - Loire-Atlantique"
244400610;"44";"Loire-Atlantique";"44 - Loire-Atlantique"
200067866;"44";"Loire-Atlantique";"44 - Loire-Atlantique"
244400404;"44";"Loire-Atlantique";"44 - Loire-Atlantique"
244400644;"44";"Loire-Atlantique";"44 - Loire-Atlantique"
244400438;"44";"Loire-Atlantique";"44 - Loire-Atlantique"
244400453;"44";"Loire-Atlantique";"44 - Loire-Atlantique"
200072734;"44";"Loire-Atlantique";"44 - Loire-Atlantique"
200071546;"44";"Loire-Atlantique";"44 - Loire-Atlantique"
244400503;"44";"Loire-Atlantique";"44 - Loire-Atlantique"
200072726;"44";"Loire-Atlantique";"44 - Loire-Atlantique"
244400586;"44";"Loire-Atlantique";"44 - Loire-Atlantique"
200000438;"44";"Loire-Atlantique";"44 - Loire-Atlantique"
200068278;"45";"Loiret";"45 - Loiret"
200067676;"45";"Loiret";"45 - Loiret"
244500203;"45";"Loiret";"45 - Loiret"
244500542;"45";"Loiret";"45 - Loiret"
200005932;"45";"Loiret";"45 - Loiret"
200035764;"45";"Loiret";"45 - Loiret"
244500484;"45";"Loiret";"45 - Loiret"
200066280;"45";"Loiret";"45 - Loiret"
200071850;"45";"Loiret";"45 - Loiret"
200070183;"45";"Loiret";"45 - Loiret"
200067668;"45";"Loiret";"45 - Loiret"
244500419;"45";"Loiret";"45 - Loiret"
244500468;"45";"Loiret";"45 - Loiret"
244500211;"45";"Loiret";"45 - Loiret"
200070100;"45";"Loiret";"45 - Loiret"
244500427;"45";"Loiret";"45 - Loiret"
244600433;"46";"Lot";"46 - Lot"
200067361;"46";"Lot";"46 - Lot"
200066371;"46";"Lot";"46 - Lot"
244600482;"46";"Lot";"46 - Lot"
200023737;"46";"Lot";"46 - Lot"
200035327;"46";"Lot";"46 - Lot"
244600532;"46";"Lot";"46 - Lot"
200039519;"46";"Lot";"46 - Lot"
244600573;"46";"Lot";"46 - Lot"
200035459;"47";"Lot-et-Garonne";"47 - Lot-et-Garonne"
200030674;"47";"Lot-et-Garonne";"47 - Lot-et-Garonne"
244700464;"47";"Lot-et-Garonne";"47 - Lot-et-Garonne"
200068922;"47";"Lot-et-Garonne";"47 - Lot-et-Garonne"
200023307;"47";"Lot-et-Garonne";"47 - Lot-et-Garonne"
244701355;"47";"Lot-et-Garonne";"47 - Lot-et-Garonne"
200068948;"47";"Lot-et-Garonne";"47 - Lot-et-Garonne"
200068930;"47";"Lot-et-Garonne";"47 - Lot-et-Garonne"
244700449;"47";"Lot-et-Garonne";"47 - Lot-et-Garonne"
200036523;"47";"Lot-et-Garonne";"47 - Lot-et-Garonne"
200036572;"47";"Lot-et-Garonne";"47 - Lot-et-Garonne"
244701405;"47";"Lot-et-Garonne";"47 - Lot-et-Garonne"
200069144;"48";"Lozère";"48 - Lozère"
200069185;"48";"Lozère";"48 - Lozère"
200069128;"48";"Lozère";"48 - Lozère"
244800470;"48";"Lozère";"48 - Lozère"
200069102;"48";"Lozère";"48 - Lozère"
200006930;"48";"Lozère";"48 - Lozère"
244800405;"48";"Lozère";"48 - Lozère"
200069268;"48";"Lozère";"48 - Lozère"
200069151;"48";"Lozère";"48 - Lozère"
200069136;"48";"Lozère";"48 - Lozère"
200071553;"49";"Maine-et-Loire";"49 - Maine-et-Loire"
200071876;"49";"Maine-et-Loire";"49 - Maine-et-Loire"
244900015;"49";"Maine-et-Loire";"49 - Maine-et-Loire"
200071868;"49";"Maine-et-Loire";"49 - Maine-et-Loire"
200060010;"49";"Maine-et-Loire";"49 - Maine-et-Loire"
244900809;"49";"Maine-et-Loire";"49 - Maine-et-Loire"
244900882;"49";"Maine-et-Loire";"49 - Maine-et-Loire"
200068955;"49";"Maine-et-Loire";"49 - Maine-et-Loire"
200071678;"49";"Maine-et-Loire";"49 - Maine-et-Loire"
200067205;"50";"Manche";"50 - Manche"
200067023;"50";"Manche";"50 - Manche"
200042729;"50";"Manche";"50 - Manche"
200042604;"50";"Manche";"50 - Manche"
200069425;"50";"Manche";"50 - Manche"
200067031;"50";"Manche";"50 - Manche"
200043354;"50";"Manche";"50 - Manche"
200034718;"51";"Marne";"51 - Marne"
200066850;"51";"Marne";"51 - Marne"
200066876;"51";"Marne";"51 - Marne"
200066835;"51";"Marne";"51 - Marne"
200067379;"51";"Marne";"51 - Marne"
245100615;"51";"Marne";"51 - Marne"
245100979;"51";"Marne";"51 - Marne"
200042703;"51";"Marne";"51 - Marne"
200042992;"51";"Marne";"51 - Marne"
200067684;"51";"Marne";"51 - Marne"
245100888;"51";"Marne";"51 - Marne"
200043438;"51";"Marne";"51 - Marne"
200042620;"51";"Marne";"51 - Marne"
200068658;"52";"Haute-Marne";"52 - Haute-Marne"
200070332;"52";"Haute-Marne";"52 - Haute-Marne"
200069664;"52";"Haute-Marne";"52 - Haute-Marne"
200044253;"52";"Haute-Marne";"52 - Haute-Marne"
245200597;"52";"Haute-Marne";"52 - Haute-Marne"
200068666;"52";"Haute-Marne";"52 - Haute-Marne"
200072999;"52";"Haute-Marne";"52 - Haute-Marne"
200027308;"52";"Haute-Marne";"52 - Haute-Marne"
245300330;"53";"Mayenne";"53 - Mayenne"
200055887;"53";"Mayenne";"53 - Mayenne"
245300389;"53";"Mayenne";"53 - Mayenne"
245300447;"53";"Mayenne";"53 - Mayenne"
245300355;"53";"Mayenne";"53 - Mayenne"
245300223;"53";"Mayenne";"53 - Mayenne"
200033298;"53";"Mayenne";"53 - Mayenne"
200048551;"53";"Mayenne";"53 - Mayenne"
200042182;"53";"Mayenne";"53 - Mayenne"
245300306;"53";"Mayenne";"53 - Mayenne"
200070589;"54";"Meurthe-et-Moselle";"54 - Meurthe-et-Moselle"
200070845;"54";"Meurthe-et-Moselle";"54 - Meurthe-et-Moselle"
245400510;"54";"Meurthe-et-Moselle";"54 - Meurthe-et-Moselle"
200035772;"54";"Meurthe-et-Moselle";"54 - Meurthe-et-Moselle"
200070563;"54";"Meurthe-et-Moselle";"54 - Meurthe-et-Moselle"
200043693;"54";"Meurthe-et-Moselle";"54 - Meurthe-et-Moselle"
200069433;"54";"Meurthe-et-Moselle";"54 - Meurthe-et-Moselle"
200070290;"54";"Meurthe-et-Moselle";"54 - Meurthe-et-Moselle"
245400759;"54";"Meurthe-et-Moselle";"54 - Meurthe-et-Moselle"
200070738;"54";"Meurthe-et-Moselle";"54 - Meurthe-et-Moselle"
245400676;"54";"Meurthe-et-Moselle";"54 - Meurthe-et-Moselle"
200041515;"54";"Meurthe-et-Moselle";"54 - Meurthe-et-Moselle"
245400189;"54";"Meurthe-et-Moselle";"54 - Meurthe-et-Moselle"
200070324;"54";"Meurthe-et-Moselle";"54 - Meurthe-et-Moselle"
245400171;"54";"Meurthe-et-Moselle";"54 - Meurthe-et-Moselle"
200067643;"54";"Meurthe-et-Moselle";"54 - Meurthe-et-Moselle"
245400601;"54";"Meurthe-et-Moselle";"54 - Meurthe-et-Moselle"
245400262;"54";"Meurthe-et-Moselle";"54 - Meurthe-et-Moselle"
200066108;"55";"Meuse";"55 - Meuse"
245501242;"55";"Meuse";"55 - Meuse"
200066132;"55";"Meuse";"55 - Meuse"
200066165;"55";"Meuse";"55 - Meuse"
200066173;"55";"Meuse";"55 - Meuse"
245501184;"55";"Meuse";"55 - Meuse"
200034874;"55";"Meuse";"55 - Meuse"
200066116;"55";"Meuse";"55 - Meuse"
200066140;"55";"Meuse";"55 - Meuse"
245501176;"55";"Meuse";"55 - Meuse"
245501259;"55";"Meuse";"55 - Meuse"
245500327;"55";"Meuse";"55 - Meuse"
200033025;"55";"Meuse";"55 - Meuse"
200049187;"55";"Meuse";"55 - Meuse"
200066157;"55";"Meuse";"55 - Meuse"
200027027;"56";"Morbihan";"56 - Morbihan"
200067932;"56";"Morbihan";"56 - Morbihan"
200066785;"56";"Morbihan";"56 - Morbihan"
200043123;"56";"Morbihan";"56 - Morbihan"
245600465;"56";"Morbihan";"56 - Morbihan"
200067221;"56";"Morbihan";"56 - Morbihan"
245614417;"56";"Morbihan";"56 - Morbihan"
245614383;"56";"Morbihan";"56 - Morbihan"
200042174;"56";"Morbihan";"56 - Morbihan"
245614433;"56";"Morbihan";"56 - Morbihan"
200066777;"56";"Morbihan";"56 - Morbihan"
245600440;"56";"Morbihan";"56 - Morbihan"
245701354;"57";"Moselle";"57 - Moselle"
245701206;"57";"Moselle";"57 - Moselle"
200068146;"57";"Moselle";"57 - Moselle"
200069441;"57";"Moselle";"57 - Moselle"
245700133;"57";"Moselle";"57 - Moselle"
245701222;"57";"Moselle";"57 - Moselle"
245700372;"57";"Moselle";"57 - Moselle"
200067502;"57";"Moselle";"57 - Moselle"
200067486;"57";"Moselle";"57 - Moselle"
200039865;"57";"Moselle";"57 - Moselle"
245701271;"57";"Moselle";"57 - Moselle"
200039907;"57";"Moselle";"57 - Moselle"
245701362;"57";"Moselle";"57 - Moselle"
200039949;"57";"Moselle";"57 - Moselle"
245700950;"57";"Moselle";"57 - Moselle"
245701404;"57";"Moselle";"57 - Moselle"
200067650;"57";"Moselle";"57 - Moselle"
245700398;"57";"Moselle";"57 - Moselle"
200067957;"57";"Moselle";"57 - Moselle"
245700695;"57";"Moselle";"57 - Moselle"
245701164;"57";"Moselle";"57 - Moselle"
200070746;"57";"Moselle";"57 - Moselle"
200067882;"58";"Nièvre";"58 - Nièvre"
200067916;"58";"Nièvre";"58 - Nièvre"
200067890;"58";"Nièvre";"58 - Nièvre"
200067692;"58";"Nièvre";"58 - Nièvre"
200067908;"58";"Nièvre";"58 - Nièvre"
200068088;"58";"Nièvre";"58 - Nièvre"
200067429;"58";"Nièvre";"58 - Nièvre"
200067700;"58";"Nièvre";"58 - Nièvre"
245804497;"58";"Nièvre";"58 - Nièvre"
245804406;"58";"Nièvre";"58 - Nièvre"
245801063;"58";"Nièvre";"58 - Nièvre"
200068500;"59";"Nord";"59 - Nord"
200042190;"59";"Nord";"59 - Nord"
200043396;"59";"Nord";"59 - Nord"
200041960;"59";"Nord";"59 - Nord"
245901061;"59";"Nord";"59 - Nord"
200043321;"59";"Nord";"59 - Nord"
200044618;"59";"Nord";"59 - Nord"
245901152;"59";"Nord";"59 - Nord"
245900410;"59";"Nord";"59 - Nord"
200043404;"59";"Nord";"59 - Nord"
245901160;"59";"Nord";"59 - Nord"
245900428;"59";"Nord";"59 - Nord"
200040947;"59";"Nord";"59 - Nord"
200043263;"59";"Nord";"59 - Nord"
200030633;"59";"Nord";"59 - Nord"
200040954;"59";"Nord";"59 - Nord"
245901038;"59";"Nord";"59 - Nord"
245900758;"59";"Nord";"59 - Nord"
246000848;"60";"Oise";"60 - Oise"
200067973;"60";"Oise";"60 - Oise"
200068005;"60";"Oise";"60 - Oise"
246000871;"60";"Oise";"60 - Oise"
246000921;"60";"Oise";"60 - Oise"
246000376;"60";"Oise";"60 - Oise"
246000566;"60";"Oise";"60 - Oise"
200067999;"60";"Oise";"60 - Oise"
246000582;"60";"Oise";"60 - Oise"
246000855;"60";"Oise";"60 - Oise"
246000756;"60";"Oise";"60 - Oise"
246000764;"60";"Oise";"60 - Oise"
200067965;"60";"Oise";"60 - Oise"
246000897;"60";"Oise";"60 - Oise"
246000749;"60";"Oise";"60 - Oise"
200066975;"60";"Oise";"60 - Oise"
246000707;"60";"Oise";"60 - Oise"
246000129;"60";"Oise";"60 - Oise"
246000772;"60";"Oise";"60 - Oise"
246000913;"60";"Oise";"60 - Oise"
200068047;"60";"Oise";"60 - Oise"
246100663;"61";"Orne";"61 - Orne"
200035111;"61";"Orne";"61 - Orne"
200068468;"61";"Orne";"61 - Orne"
200035814;"61";"Orne";"61 - Orne"
200071504;"61";"Orne";"61 - Orne"
200068450;"61";"Orne";"61 - Orne"
200069458;"61";"Orne";"61 - Orne"
200035103;"61";"Orne";"61 - Orne"
200068856;"61";"Orne";"61 - Orne"
200071520;"61";"Orne";"61 - Orne"
200068443;"61";"Orne";"61 - Orne"
246100390;"61";"Orne";"61 - Orne"
200036069;"61";"Orne";"61 - Orne"
200071652;"61";"Orne";"61 - Orne"
200068435;"61";"Orne";"61 - Orne"
246200364;"62";"Pas-de-Calais";"62 - Pas-de-Calais"
200035442;"62";"Pas-de-Calais";"62 - Pas-de-Calais"
200033579;"62";"Pas-de-Calais";"62 - Pas-de-Calais"
246201016;"62";"Pas-de-Calais";"62 - Pas-de-Calais"
200069482;"62";"Pas-de-Calais";"62 - Pas-de-Calais"
200069037;"62";"Pas-de-Calais";"62 - Pas-de-Calais"
200069029;"62";"Pas-de-Calais";"62 - Pas-de-Calais"
200069235;"62";"Pas-de-Calais";"62 - Pas-de-Calais"
200044030;"62";"Pas-de-Calais";"62 - Pas-de-Calais"
200072478;"62";"Pas-de-Calais";"62 - Pas-de-Calais"
200018083;"62";"Pas-de-Calais";"62 - Pas-de-Calais"
200072460;"62";"Pas-de-Calais";"62 - Pas-de-Calais"
246200380;"62";"Pas-de-Calais";"62 - Pas-de-Calais"
200069672;"62";"Pas-de-Calais";"62 - Pas-de-Calais"
200044048;"62";"Pas-de-Calais";"62 - Pas-de-Calais"
246201149;"62";"Pas-de-Calais";"62 - Pas-de-Calais"
246200844;"62";"Pas-de-Calais";"62 - Pas-de-Calais"
246200729;"62";"Pas-de-Calais";"62 - Pas-de-Calais"
246200299;"62";"Pas-de-Calais";"62 - Pas-de-Calais"
200071199;"63";"Puy-de-Dôme";"63 - Puy-de-Dôme"
200070761;"63";"Puy-de-Dôme";"63 - Puy-de-Dôme"
200072098;"63";"Puy-de-Dôme";"63 - Puy-de-Dôme"
200070407;"63";"Puy-de-Dôme";"63 - Puy-de-Dôme"
200070712;"63";"Puy-de-Dôme";"63 - Puy-de-Dôme"
200072080;"63";"Puy-de-Dôme";"63 - Puy-de-Dôme"
246300701;"63";"Puy-de-Dôme";"63 - Puy-de-Dôme"
200069169;"63";"Puy-de-Dôme";"63 - Puy-de-Dôme"
200069177;"63";"Puy-de-Dôme";"63 - Puy-de-Dôme"
200067627;"63";"Puy-de-Dôme";"63 - Puy-de-Dôme"
246300966;"63";"Puy-de-Dôme";"63 - Puy-de-Dôme"
246301097;"63";"Puy-de-Dôme";"63 - Puy-de-Dôme"
200071215;"63";"Puy-de-Dôme";"63 - Puy-de-Dôme"
200070753;"63";"Puy-de-Dôme";"63 - Puy-de-Dôme"
200067296;"64";"Pyrénées-Atlantiques";"64 - Pyrénées-Atlantiques"
200039204;"64";"Pyrénées-Atlantiques";"64 - Pyrénées-Atlantiques"
200067288;"64";"Pyrénées-Atlantiques";"64 - Pyrénées-Atlantiques"
200067262;"64";"Pyrénées-Atlantiques";"64 - Pyrénées-Atlantiques"
200067106;"64";"Pyrénées-Atlantiques";"64 - Pyrénées-Atlantiques"
246401756;"64";"Pyrénées-Atlantiques";"64 - Pyrénées-Atlantiques"
200067254;"64";"Pyrénées-Atlantiques";"64 - Pyrénées-Atlantiques"
200067239;"64";"Pyrénées-Atlantiques";"64 - Pyrénées-Atlantiques"
246400337;"64";"Pyrénées-Atlantiques";"64 - Pyrénées-Atlantiques"
200070811;"65";"Hautes-Pyrénées";"65 - Hautes-Pyrénées"
200069300;"65";"Hautes-Pyrénées";"65 - Hautes-Pyrénées"
246500573;"65";"Hautes-Pyrénées";"65 - Hautes-Pyrénées"
200072106;"65";"Hautes-Pyrénées";"65 - Hautes-Pyrénées"
200070829;"65";"Hautes-Pyrénées";"65 - Hautes-Pyrénées"
200070795;"65";"Hautes-Pyrénées";"65 - Hautes-Pyrénées"
246500482;"65";"Hautes-Pyrénées";"65 - Hautes-Pyrénées"
200070787;"65";"Hautes-Pyrénées";"65 - Hautes-Pyrénées"
200070803;"65";"Hautes-Pyrénées";"65 - Hautes-Pyrénées"
246600373;"66";"Pyrénées-Orientales";"66 - Pyrénées-Orientales"
246600282;"66";"Pyrénées-Orientales";"66 - Pyrénées-Orientales"
246600548;"66";"Pyrénées-Orientales";"66 - Pyrénées-Orientales"
246600464;"66";"Pyrénées-Orientales";"66 - Pyrénées-Orientales"
246600399;"66";"Pyrénées-Orientales";"66 - Pyrénées-Orientales"
246600423;"66";"Pyrénées-Orientales";"66 - Pyrénées-Orientales"
200049211;"66";"Pyrénées-Orientales";"66 - Pyrénées-Orientales"
200043602;"66";"Pyrénées-Orientales";"66 - Pyrénées-Orientales"
200027183;"66";"Pyrénées-Orientales";"66 - Pyrénées-Orientales"
246600449;"66";"Pyrénées-Orientales";"66 - Pyrénées-Orientales"
246600415;"66";"Pyrénées-Orientales";"66 - Pyrénées-Orientales"
200070365;"66";"Pyrénées-Orientales";"66 - Pyrénées-Orientales"
246700488;"67";"Bas-Rhin";"67 - Bas-Rhin"
200067841;"67";"Bas-Rhin";"67 - Bas-Rhin"
246700777;"67";"Bas-Rhin";"67 - Bas-Rhin"
200068112;"67";"Bas-Rhin";"67 - Bas-Rhin"
246700959;"67";"Bas-Rhin";"67 - Bas-Rhin"
246701064;"67";"Bas-Rhin";"67 - Bas-Rhin"
200034270;"67";"Bas-Rhin";"67 - Bas-Rhin"
200030526;"67";"Bas-Rhin";"67 - Bas-Rhin"
200040178;"67";"Bas-Rhin";"67 - Bas-Rhin"
200041325;"67";"Bas-Rhin";"67 - Bas-Rhin"
200068864;"67";"Bas-Rhin";"67 - Bas-Rhin"
246700967;"67";"Bas-Rhin";"67 - Bas-Rhin"
246700306;"67";"Bas-Rhin";"67 - Bas-Rhin"
200067874;"67";"Bas-Rhin";"67 - Bas-Rhin"
200041283;"67";"Bas-Rhin";"67 - Bas-Rhin"
200067924;"67";"Bas-Rhin";"67 - Bas-Rhin"
246701080;"67";"Bas-Rhin";"67 - Bas-Rhin"
200034635;"67";"Bas-Rhin";"67 - Bas-Rhin"
200013050;"67";"Bas-Rhin";"67 - Bas-Rhin"
246700843;"67";"Bas-Rhin";"67 - Bas-Rhin"
200067783;"67";"Bas-Rhin";"67 - Bas-Rhin"
246700744;"67";"Bas-Rhin";"67 - Bas-Rhin"
246700926;"67";"Bas-Rhin";"67 - Bas-Rhin"
246701098;"67";"Bas-Rhin";"67 - Bas-Rhin"
200066025;"68";"Haut-Rhin";"68 - Haut-Rhin"
200066033;"68";"Haut-Rhin";"68 - Haut-Rhin"
200066041;"68";"Haut-Rhin";"68 - Haut-Rhin"
246800551;"68";"Haut-Rhin";"68 - Haut-Rhin"
246800726;"68";"Haut-Rhin";"68 - Haut-Rhin"
200036465;"68";"Haut-Rhin";"68 - Haut-Rhin"
200066058;"68";"Haut-Rhin";"68 - Haut-Rhin"
246800577;"68";"Haut-Rhin";"68 - Haut-Rhin"
200066009;"68";"Haut-Rhin";"68 - Haut-Rhin"
246800569;"68";"Haut-Rhin";"68 - Haut-Rhin"
246800445;"68";"Haut-Rhin";"68 - Haut-Rhin"
246800585;"68";"Haut-Rhin";"68 - Haut-Rhin"
246800676;"68";"Haut-Rhin";"68 - Haut-Rhin"
246800494;"68";"Haut-Rhin";"68 - Haut-Rhin"
246800205;"68";"Haut-Rhin";"68 - Haut-Rhin"
246800395;"68";"Haut-Rhin";"68 - Haut-Rhin"
200040566;"69";"Rhône";"69 - Rhône"
200067817;"69";"Rhône";"69 - Rhône"
200046977;"69";"Rhône";"69 - Rhône"
200040574;"69";"Rhône";"69 - Rhône"
246900625;"69";"Rhône";"69 - Rhône"
200040590;"69";"Rhône";"69 - Rhône"
200066587;"69";"Rhône";"69 - Rhône"
246900757;"69";"Rhône";"69 - Rhône"
246900724;"69";"Rhône";"69 - Rhône"
246900740;"69";"Rhône";"69 - Rhône"
246900765;"69";"Rhône";"69 - Rhône"
246900575;"69";"Rhône";"69 - Rhône"
200041861;"70";"Haute-Saône";"70 - Haute-Saône"
200036150;"70";"Haute-Saône";"70 - Haute-Saône"
247000623;"70";"Haute-Saône";"70 - Haute-Saône"
247000714;"70";"Haute-Saône";"70 - Haute-Saône"
200041721;"70";"Haute-Saône";"70 - Haute-Saône"
247000854;"70";"Haute-Saône";"70 - Haute-Saône"
200041879;"70";"Haute-Saône";"70 - Haute-Saône"
247000664;"70";"Haute-Saône";"70 - Haute-Saône"
200036549;"70";"Haute-Saône";"70 - Haute-Saône"
247000011;"70";"Haute-Saône";"70 - Haute-Saône"
247000698;"70";"Haute-Saône";"70 - Haute-Saône"
247000367;"70";"Haute-Saône";"70 - Haute-Saône"
247000706;"70";"Haute-Saône";"70 - Haute-Saône"
200041853;"70";"Haute-Saône";"70 - Haute-Saône"
200041887;"70";"Haute-Saône";"70 - Haute-Saône"
247000755;"70";"Haute-Saône";"70 - Haute-Saône"
247000722;"70";"Haute-Saône";"70 - Haute-Saône"
247000821;"70";"Haute-Saône";"70 - Haute-Saône"
200071538;"71";"Saône-et-Loire";"71 - Saône-et-Loire"
247100589;"71";"Saône-et-Loire";"71 - Saône-et-Loire"
200040038;"71";"Saône-et-Loire";"71 - Saône-et-Loire"
200070548;"71";"Saône-et-Loire";"71 - Saône-et-Loire"
200040293;"71";"Saône-et-Loire";"71 - Saône-et-Loire"
200070530;"71";"Saône-et-Loire";"71 - Saône-et-Loire"
247100639;"71";"Saône-et-Loire";"71 - Saône-et-Loire"
247100647;"71";"Saône-et-Loire";"71 - Saône-et-Loire"
200070308;"71";"Saône-et-Loire";"71 - Saône-et-Loire"
200071884;"71";"Saône-et-Loire";"71 - Saône-et-Loire"
247103765;"71";"Saône-et-Loire";"71 - Saône-et-Loire"
200042414;"71";"Saône-et-Loire";"71 - Saône-et-Loire"
247104094;"71";"Saône-et-Loire";"71 - Saône-et-Loire"
200069698;"71";"Saône-et-Loire";"71 - Saône-et-Loire"
247100290;"71";"Saône-et-Loire";"71 - Saône-et-Loire"
200070316;"71";"Saône-et-Loire";"71 - Saône-et-Loire"
200071645;"71";"Saône-et-Loire";"71 - Saône-et-Loire"
200071579;"71";"Saône-et-Loire";"71 - Saône-et-Loire"
247103864;"71";"Saône-et-Loire";"71 - Saône-et-Loire"
247200132;"72";"Sarthe";"72 - Sarthe"
200072676;"72";"Sarthe";"72 - Sarthe"
200040475;"72";"Sarthe";"72 - Sarthe"
200072700;"72";"Sarthe";"72 - Sarthe"
200072684;"72";"Sarthe";"72 - Sarthe"
247200348;"72";"Sarthe";"72 - Sarthe"
247200090;"72";"Sarthe";"72 - Sarthe"
200073112;"72";"Sarthe";"72 - Sarthe"
247200686;"72";"Sarthe";"72 - Sarthe"
200068963;"72";"Sarthe";"72 - Sarthe"
200070373;"72";"Sarthe";"72 - Sarthe"
200072692;"72";"Sarthe";"72 - Sarthe"
200072718;"72";"Sarthe";"72 - Sarthe"
247200421;"72";"Sarthe";"72 - Sarthe"
247200629;"72";"Sarthe";"72 - Sarthe"
247200447;"72";"Sarthe";"72 - Sarthe"
247300668;"73";"Savoie";"73 - Savoie"
247300676;"73";"Savoie";"73 - Savoie"
247300015;"73";"Savoie";"73 - Savoie"
200069110;"73";"Savoie";"73 - Savoie"
247300817;"73";"Savoie";"73 - Savoie"
200068674;"73";"Savoie";"73 - Savoie"
200068997;"73";"Savoie";"73 - Savoie"
200070464;"73";"Savoie";"73 - Savoie"
200040798;"73";"Savoie";"73 - Savoie"
200041010;"73";"Savoie";"73 - Savoie"
200070340;"73";"Savoie";"73 - Savoie"
247300528;"73";"Savoie";"73 - Savoie"
247300262;"73";"Savoie";"73 - Savoie"
247300254;"73";"Savoie";"73 - Savoie"
247300361;"73";"Savoie";"73 - Savoie"
200023299;"73";"Savoie";"73 - Savoie"
247300452;"73";"Savoie";"73 - Savoie"
200071967;"74";"Haute-Savoie";"74 - Haute-Savoie"
200066793;"74";"Haute-Savoie";"74 - Haute-Savoie"
247400617;"74";"Haute-Savoie";"74 - Haute-Savoie"
200067551;"74";"Haute-Savoie";"74 - Haute-Savoie"
247400112;"74";"Haute-Savoie";"74 - Haute-Savoie"
247400724;"74";"Haute-Savoie";"74 - Haute-Savoie"
200011773;"74";"Haute-Savoie";"74 - Haute-Savoie"
200033116;"74";"Haute-Savoie";"74 - Haute-Savoie"
247400583;"74";"Haute-Savoie";"74 - Haute-Savoie"
247400690;"74";"Haute-Savoie";"74 - Haute-Savoie"
200000172;"74";"Haute-Savoie";"74 - Haute-Savoie"
247400567;"74";"Haute-Savoie";"74 - Haute-Savoie"
200070852;"74";"Haute-Savoie";"74 - Haute-Savoie"
247400682;"74";"Haute-Savoie";"74 - Haute-Savoie"
247400740;"74";"Haute-Savoie";"74 - Haute-Savoie"
247400047;"74";"Haute-Savoie";"74 - Haute-Savoie"
200023372;"74";"Haute-Savoie";"74 - Haute-Savoie"
200034098;"74";"Haute-Savoie";"74 - Haute-Savoie"
247400773;"74";"Haute-Savoie";"74 - Haute-Savoie"
200034882;"74";"Haute-Savoie";"74 - Haute-Savoie"
247400666;"74";"Haute-Savoie";"74 - Haute-Savoie"
200054781;"75";"Paris";"75 - Paris"
247600620;"76";"Seine-Maritime";"76 - Seine-Maritime"
200010700;"76";"Seine-Maritime";"76 - Seine-Maritime"
200068534;"76";"Seine-Maritime";"76 - Seine-Maritime"
200023414;"76";"Seine-Maritime";"76 - Seine-Maritime"
200069847;"76";"Seine-Maritime";"76 - Seine-Maritime"
200070449;"76";"Seine-Maritime";"76 - Seine-Maritime"
247600786;"76";"Seine-Maritime";"76 - Seine-Maritime"
200069839;"76";"Seine-Maritime";"76 - Seine-Maritime"
200069821;"76";"Seine-Maritime";"76 - Seine-Maritime"
247600505;"76";"Seine-Maritime";"76 - Seine-Maritime"
247600497;"76";"Seine-Maritime";"76 - Seine-Maritime"
200070068;"76";"Seine-Maritime";"76 - Seine-Maritime"
200069730;"76";"Seine-Maritime";"76 - Seine-Maritime"
247600729;"76";"Seine-Maritime";"76 - Seine-Maritime"
200069722;"76";"Seine-Maritime";"76 - Seine-Maritime"
247600604;"76";"Seine-Maritime";"76 - Seine-Maritime"
247600646;"76";"Seine-Maritime";"76 - Seine-Maritime"
247600588;"76";"Seine-Maritime";"76 - Seine-Maritime"
247600596;"76";"Seine-Maritime";"76 - Seine-Maritime"
247600539;"76";"Seine-Maritime";"76 - Seine-Maritime"
200072346;"77";"Seine-et-Marne";"77 - Seine-et-Marne"
200077055;"77";"Seine-et-Marne";"77 - Seine-et-Marne"
200023240;"77";"Seine-et-Marne";"77 - Seine-et-Marne"
200070779;"77";"Seine-et-Marne";"77 - Seine-et-Marne"
200033090;"77";"Seine-et-Marne";"77 - Seine-et-Marne"
247700065;"77";"Seine-et-Marne";"77 - Seine-et-Marne"
200023919;"77";"Seine-et-Marne";"77 - Seine-et-Marne"
247700701;"77";"Seine-et-Marne";"77 - Seine-et-Marne"
200037133;"77";"Seine-et-Marne";"77 - Seine-et-Marne"
200040251;"77";"Seine-et-Marne";"77 - Seine-et-Marne"
247700339;"77";"Seine-et-Marne";"77 - Seine-et-Marne"
247700107;"77";"Seine-et-Marne";"77 - Seine-et-Marne"
200072130;"77";"Seine-et-Marne";"77 - Seine-et-Marne"
200072544;"77";"Seine-et-Marne";"77 - Seine-et-Marne"
200072874;"77";"Seine-et-Marne";"77 - Seine-et-Marne"
247700057;"77";"Seine-et-Marne";"77 - Seine-et-Marne"
247700438;"77";"Seine-et-Marne";"77 - Seine-et-Marne"
247700644;"77";"Seine-et-Marne";"77 - Seine-et-Marne"
200057958;"77";"Seine-et-Marne";"77 - Seine-et-Marne"
247700594;"77";"Seine-et-Marne";"77 - Seine-et-Marne"
247700032;"77";"Seine-et-Marne";"77 - Seine-et-Marne"
200023125;"77";"Seine-et-Marne";"77 - Seine-et-Marne"
200073344;"78";"Yvelines";"78 - Yvelines"
200059889;"78";"Yvelines";"78 - Yvelines"
247800550;"78";"Yvelines";"78 - Yvelines"
200058519;"78";"Yvelines";"78 - Yvelines"
200034130;"78";"Yvelines";"78 - Yvelines"
247800618;"78";"Yvelines";"78 - Yvelines"
247800584;"78";"Yvelines";"78 - Yvelines"
200071074;"78";"Yvelines";"78 - Yvelines"
200033173;"78";"Yvelines";"78 - Yvelines"
200058782;"78";"Yvelines";"78 - Yvelines"
200040244;"79";"Deux-Sèvres";"79 - Deux-Sèvres"
200041333;"79";"Deux-Sèvres";"79 - Deux-Sèvres"
200041317;"79";"Deux-Sèvres";"79 - Deux-Sèvres"
200069755;"79";"Deux-Sèvres";"79 - Deux-Sèvres"
200041416;"79";"Deux-Sèvres";"79 - Deux-Sèvres"
200069748;"79";"Deux-Sèvres";"79 - Deux-Sèvres"
247900798;"79";"Deux-Sèvres";"79 - Deux-Sèvres"
200041994;"79";"Deux-Sèvres";"79 - Deux-Sèvres"
200070993;"80";"Somme";"80 - Somme"
200070928;"80";"Somme";"80 - Somme"
248000747;"80";"Somme";"80 - Somme"
200070944;"80";"Somme";"80 - Somme"
200070951;"80";"Somme";"80 - Somme"
200070936;"80";"Somme";"80 - Somme"
200070969;"80";"Somme";"80 - Somme"
200071223;"80";"Somme";"80 - Somme"
200071181;"80";"Somme";"80 - Somme"
200037059;"80";"Somme";"80 - Somme"
248000531;"80";"Somme";"80 - Somme"
200070977;"80";"Somme";"80 - Somme"
200070985;"80";"Somme";"80 - Somme"
248000499;"80";"Somme";"80 - Somme"
248100158;"81";"Tarn";"81 - Tarn"
248100430;"81";"Tarn";"81 - Tarn"
200034031;"81";"Tarn";"81 - Tarn"
248100737;"81";"Tarn";"81 - Tarn"
248100745;"81";"Tarn";"81 - Tarn"
200066124;"81";"Tarn";"81 - Tarn"
200040905;"81";"Tarn";"81 - Tarn"
200034023;"81";"Tarn";"81 - Tarn"
248100497;"81";"Tarn";"81 - Tarn"
200066553;"81";"Tarn";"81 - Tarn"
200034049;"81";"Tarn";"81 - Tarn"
200066561;"81";"Tarn";"81 - Tarn"
200034064;"81";"Tarn";"81 - Tarn"
200034056;"81";"Tarn";"81 - Tarn"
248200099;"82";"Tarn-et-Garonne";"82 - Tarn-et-Garonne"
200066884;"82";"Tarn-et-Garonne";"82 - Tarn-et-Garonne"
200066322;"82";"Tarn-et-Garonne";"82 - Tarn-et-Garonne"
248200065;"82";"Tarn-et-Garonne";"82 - Tarn-et-Garonne"
200066652;"82";"Tarn-et-Garonne";"82 - Tarn-et-Garonne"
248200057;"82";"Tarn-et-Garonne";"82 - Tarn-et-Garonne"
248200016;"82";"Tarn-et-Garonne";"82 - Tarn-et-Garonne"
200067122;"82";"Tarn-et-Garonne";"82 - Tarn-et-Garonne"
200040418;"82";"Tarn-et-Garonne";"82 - Tarn-et-Garonne"
248200107;"82";"Tarn-et-Garonne";"82 - Tarn-et-Garonne"
200035319;"83";"Var";"83 - Var"
200040210;"83";"Var";"83 - Var"
248300493;"83";"Var";"83 - Var"
200040202;"83";"Var";"83 - Var"
200004802;"83";"Var";"83 - Var"
248300394;"83";"Var";"83 - Var"
248300410;"83";"Var";"83 - Var"
248300550;"83";"Var";"83 - Var"
200027100;"83";"Var";"83 - Var"
200068104;"83";"Var";"83 - Var"
248300543;"83";"Var";"83 - Var"
200036077;"83";"Var";"83 - Var"
248400293;"84";"Vaucluse";"84 - Vaucluse"
248400285;"84";"Vaucluse";"84 - Vaucluse"
200040624;"84";"Vaucluse";"84 - Vaucluse"
248400053;"84";"Vaucluse";"84 - Vaucluse"
200035723;"84";"Vaucluse";"84 - Vaucluse"
248400251;"84";"Vaucluse";"84 - Vaucluse"
200040442;"84";"Vaucluse";"84 - Vaucluse"
200000628;"84";"Vaucluse";"84 - Vaucluse"
248400335;"84";"Vaucluse";"84 - Vaucluse"
248400236;"84";"Vaucluse";"84 - Vaucluse"
248400160;"84";"Vaucluse";"84 - Vaucluse"
248400319;"84";"Vaucluse";"84 - Vaucluse"
200040681;"84";"Vaucluse";"84 - Vaucluse"
200073260;"85";"Vendée";"85 - Vendée"
200023778;"85";"Vendée";"85 - Vendée"
200072882;"85";"Vendée";"85 - Vendée"
200071900;"85";"Vendée";"85 - Vendée"
248500415;"85";"Vendée";"85 - Vendée"
248500589;"85";"Vendée";"85 - Vendée"
200071934;"85";"Vendée";"85 - Vendée"
248500191;"85";"Vendée";"85 - Vendée"
248500258;"85";"Vendée";"85 - Vendée"
200071918;"85";"Vendée";"85 - Vendée"
248500530;"85";"Vendée";"85 - Vendée"
248500621;"85";"Vendée";"85 - Vendée"
200071629;"85";"Vendée";"85 - Vendée"
248500563;"85";"Vendée";"85 - Vendée"
200070233;"85";"Vendée";"85 - Vendée"
248500464;"85";"Vendée";"85 - Vendée"
248500340;"85";"Vendée";"85 - Vendée"
248500662;"85";"Vendée";"85 - Vendée"
200071165;"85";"Vendée";"85 - Vendée"
NA;"85";"Vendée";"85 - Vendée"
200070043;"86";"Vienne";"86 - Vienne"
200069763;"86";"Vienne";"86 - Vienne"
200070035;"86";"Vienne";"86 - Vienne"
248600413;"86";"Vienne";"86 - Vienne"
248600447;"86";"Vienne";"86 - Vienne"
200043628;"86";"Vienne";"86 - Vienne"
200069854;"86";"Vienne";"86 - Vienne"
248719288;"87";"Haute-Vienne";"87 - Haute-Vienne"
200066512;"87";"Haute-Vienne";"87 - Haute-Vienne"
200071942;"87";"Haute-Vienne";"87 - Haute-Vienne"
248719353;"87";"Haute-Vienne";"87 - Haute-Vienne"
248719312;"87";"Haute-Vienne";"87 - Haute-Vienne"
248719262;"87";"Haute-Vienne";"87 - Haute-Vienne"
200070506;"87";"Haute-Vienne";"87 - Haute-Vienne"
200059400;"87";"Haute-Vienne";"87 - Haute-Vienne"
248700189;"87";"Haute-Vienne";"87 - Haute-Vienne"
200066520;"87";"Haute-Vienne";"87 - Haute-Vienne"
248719361;"87";"Haute-Vienne";"87 - Haute-Vienne"
200040814;"87";"Haute-Vienne";"87 - Haute-Vienne"
248719338;"87";"Haute-Vienne";"87 - Haute-Vienne"
200068369;"88";"Vosges";"88 - Vosges"
200068682;"88";"Vosges";"88 - Vosges"
200068773;"88";"Vosges";"88 - Vosges"
200071066;"88";"Vosges";"88 - Vosges"
200005957;"88";"Vosges";"88 - Vosges"
200068559;"88";"Vosges";"88 - Vosges"
200068757;"88";"Vosges";"88 - Vosges"
200071157;"88";"Vosges";"88 - Vosges"
200042000;"88";"Vosges";"88 - Vosges"
200033868;"88";"Vosges";"88 - Vosges"
200068377;"88";"Vosges";"88 - Vosges"
200067080;"89";"Yonne";"89 - Yonne"
248900524;"89";"Yonne";"89 - Yonne"
200039642;"89";"Yonne";"89 - Yonne"
200067130;"89";"Yonne";"89 - Yonne"
200039709;"89";"Yonne";"89 - Yonne"
200039758;"89";"Yonne";"89 - Yonne"
200067114;"89";"Yonne";"89 - Yonne"
248900664;"89";"Yonne";"89 - Yonne"
248900334;"89";"Yonne";"89 - Yonne"
248900383;"89";"Yonne";"89 - Yonne"
200067304;"89";"Yonne";"89 - Yonne"
248900748;"89";"Yonne";"89 - Yonne"
248900938;"89";"Yonne";"89 - Yonne"
248900896;"89";"Yonne";"89 - Yonne"
200069052;"90";"Territoire de Belfort";"90 - Territoire de Belfort"
200069060;"90";"Territoire de Belfort";"90 - Territoire de Belfort"
249000241;"90";"Territoire de Belfort";"90 - Territoire de Belfort"
200017846;"91";"Essonne";"91 - Essonne"
249100074;"91";"Essonne";"91 - Essonne"
200057859;"91";"Essonne";"91 - Essonne"
249100546;"91";"Essonne";"91 - Essonne"
249100553;"91";"Essonne";"91 - Essonne"
200056232;"91";"Essonne";"91 - Essonne"
249100157;"91";"Essonne";"91 - Essonne"
200059228;"91";"Essonne";"91 - Essonne"
200058477;"91";"Essonne";"91 - Essonne"
249100595;"91";"Essonne";"91 - Essonne"
200035970;"95";"Val-d'Oise";"95 - Val-d'Oise"
249500513;"95";"Val-d'Oise";"95 - Val-d'Oise"
200056380;"95";"Val-d'Oise";"95 - Val-d'Oise"
200055655;"95";"Val-d'Oise";"95 - Val-d'Oise"
249500430;"95";"Val-d'Oise";"95 - Val-d'Oise"
200073013;"95";"Val-d'Oise";"95 - Val-d'Oise"
200058485;"95";"Val-d'Oise";"95 - Val-d'Oise"
249500489;"95";"Val-d'Oise";"95 - Val-d'Oise"
249500455;"95";"Val-d'Oise";"95 - Val-d'Oise"
249500109;"95";"Val-d'Oise";"95 - Val-d'Oise"
200018653;"971";"Guadeloupe";"971 - Guadeloupe"
200044691;"971";"Guadeloupe";"971 - Guadeloupe"
249710070;"971";"Guadeloupe";"971 - Guadeloupe"
249710047;"971";"Guadeloupe";"971 - Guadeloupe"
200041507;"971";"Guadeloupe";"971 - Guadeloupe"
249710062;"971";"Guadeloupe";"971 - Guadeloupe"
200041788;"972";"Martinique";"972 - Martinique"
249720053;"972";"Martinique";"972 - Martinique"
249720061;"972";"Martinique";"972 - Martinique"
249730052;"973";"Guyane";"973 - Guyane"
249730045;"973";"Guyane";"973 - Guyane"
200027548;"973";"Guyane";"973 - Guyane"
249730037;"973";"Guyane";"973 - Guyane"
249740077;"974";"Réunion";"974 - Réunion"
249740093;"974";"Réunion";"974 - Réunion"
249740085;"974";"Réunion";"974 - Réunion"
249740101;"974";"Réunion";"974 - Réunion"
249740119;"974";"Réunion";"974 - Réunion"
200060465;"976";"Mayotte";"976 - Mayotte"
200060473;"976";"Mayotte";"976 - Mayotte"
200059871;"976";"Mayotte";"976 - Mayotte"
200060457;"976";"Mayotte";"976 - Mayotte"
200050532;"976";"Mayotte";"976 - Mayotte"
